             BARCODE  INDEX     DATE     S.TIME    E.TIME   CYCLE             JOB        RESULT       USER          LOTINFO        MACHINE              SIDE              COMMENT        ,,,,,,,,,,,,,,,,,,,,,,
                         28202 2022-05-27   10:54:24  10:54:35     11      BCM-949510AI013     GOOD     KohYoung ZOO                  L10 T,,,,,,,,,,,,,,,,,,,,,,
Component ID,Volume(%),Height(um),Area(%),OffsetX(mm),OffsetY(mm),Barcode,  Date  , Time ,Job,Vol_Min(%),Vol_Max(%),Height_Low(um),Height_High(um),Area_Min(%),Area_Max(%),OffsetX_Error(mm),OffsetY_Error(mm),Library_Name,Result,Spec,PinNumber,Image
C1,119.834,135.36,106.236,0.02,-0.004,,2022/5/27,10:54:35,D:\ADVANTECH\B19AK10AI23-10AI_KYSPI\BCM-949510AI013.mdb,50,220,50,220,50,220,0.2032,0.254,1100009002-03,GOOD,,1,
C1,115.582,131.487,105.484,0.019,-0.007,,2022/5/27,10:54:35,D:\ADVANTECH\B19AK10AI23-10AI_KYSPI\BCM-949510AI013.mdb,50,220,50,220,50,220,0.2032,0.254,1100009002-03,GOOD,,2,
C2,114.439,131.054,104.786,-0.002,0.005,,2022/5/27,10:54:35,D:\ADVANTECH\B19AK10AI23-10AI_KYSPI\BCM-949510AI013.mdb,50,220,50,220,50,220,0.254,0.2032,1100009002-03,GOOD,,1,
C2,110.104,122.082,108.227,0,0.005,,2022/5/27,10:54:35,D:\ADVANTECH\B19AK10AI23-10AI_KYSPI\BCM-949510AI013.mdb,50,220,50,220,50,220,0.254,0.2032,1100009002-03,GOOD,,2,
C3,126.36,145.008,104.568,-0.002,0.007,,2022/5/27,10:54:35,D:\ADVANTECH\B19AK10AI23-10AI_KYSPI\BCM-949510AI013.mdb,50,220,50,220,50,220,0.444,0.508,1100006895-02,GOOD,,1,
C3,123.926,145.276,102.365,0.003,0.006,,2022/5/27,10:54:35,D:\ADVANTECH\B19AK10AI23-10AI_KYSPI\BCM-949510AI013.mdb,50,220,50,220,50,220,0.444,0.508,1100006895-02,GOOD,,2,
C6,123.317,136.164,108.678,0.015,-0.005,,2022/5/27,10:54:35,D:\ADVANTECH\B19AK10AI23-10AI_KYSPI\BCM-949510AI013.mdb,50,220,50,220,50,220,0.2032,0.254,1100009002-03,GOOD,,1,
C6,111.456,123.064,108.681,0.005,-0.01,,2022/5/27,10:54:35,D:\ADVANTECH\B19AK10AI23-10AI_KYSPI\BCM-949510AI013.mdb,50,220,50,220,50,220,0.2032,0.254,1100009002-03,GOOD,,2,
C7,114.612,126.807,108.46,0.014,-0.005,,2022/5/27,10:54:35,D:\ADVANTECH\B19AK10AI23-10AI_KYSPI\BCM-949510AI013.mdb,50,220,50,220,50,220,0.2032,0.254,1100009002-03,GOOD,,1,
C7,112.47,122.084,110.551,0.014,-0.01,,2022/5/27,10:54:35,D:\ADVANTECH\B19AK10AI23-10AI_KYSPI\BCM-949510AI013.mdb,50,220,50,220,50,220,0.2032,0.254,1100009002-03,GOOD,,2,
C8,113.727,125.018,109.162,0.013,-0.007,,2022/5/27,10:54:35,D:\ADVANTECH\B19AK10AI23-10AI_KYSPI\BCM-949510AI013.mdb,50,220,50,220,50,220,0.2032,0.254,1100009002-03,GOOD,,1,
C8,109.826,121.268,108.677,0.013,-0.009,,2022/5/27,10:54:35,D:\ADVANTECH\B19AK10AI23-10AI_KYSPI\BCM-949510AI013.mdb,50,220,50,220,50,220,0.2032,0.254,1100009002-03,GOOD,,2,
C9,114.664,128.767,106.857,0.002,0,,2022/5/27,10:54:35,D:\ADVANTECH\B19AK10AI23-10AI_KYSPI\BCM-949510AI013.mdb,50,220,50,220,50,220,0.254,0.2032,1100009002-03,GOOD,,1,
C9,110.25,120.376,109.906,0.001,-0.001,,2022/5/27,10:54:35,D:\ADVANTECH\B19AK10AI23-10AI_KYSPI\BCM-949510AI013.mdb,50,220,50,220,50,220,0.254,0.2032,1100009002-03,GOOD,,2,
C10,117.941,133.602,105.933,0.007,-0.006,,2022/5/27,10:54:35,D:\ADVANTECH\B19AK10AI23-10AI_KYSPI\BCM-949510AI013.mdb,50,220,50,220,50,220,0.254,0.2032,1100009002-03,GOOD,,1,
C10,107.086,119.894,107.181,0.002,-0.007,,2022/5/27,10:54:35,D:\ADVANTECH\B19AK10AI23-10AI_KYSPI\BCM-949510AI013.mdb,50,220,50,220,50,220,0.254,0.2032,1100009002-03,GOOD,,2,
C11,119.236,136.74,104.639,0.004,-0.007,,2022/5/27,10:54:35,D:\ADVANTECH\B19AK10AI23-10AI_KYSPI\BCM-949510AI013.mdb,50,220,50,220,50,220,0.508,0.444,1100006895-02,GOOD,,1,
C11,119.756,136.448,105.321,-0.001,-0.011,,2022/5/27,10:54:35,D:\ADVANTECH\B19AK10AI23-10AI_KYSPI\BCM-949510AI013.mdb,50,220,50,220,50,220,0.508,0.444,1100006895-02,GOOD,,2,
C13,118.443,132.474,107.29,0.01,-0.001,,2022/5/27,10:54:35,D:\ADVANTECH\B19AK10AI23-10AI_KYSPI\BCM-949510AI013.mdb,50,220,50,220,50,220,0.254,0.2032,1100009002-03,GOOD,,1,
C13,116.101,130.078,107.106,0.002,-0.001,,2022/5/27,10:54:35,D:\ADVANTECH\B19AK10AI23-10AI_KYSPI\BCM-949510AI013.mdb,50,220,50,220,50,220,0.254,0.2032,1100009002-03,GOOD,,2,
C14,122.159,136.486,107.404,0.007,0,,2022/5/27,10:54:35,D:\ADVANTECH\B19AK10AI23-10AI_KYSPI\BCM-949510AI013.mdb,50,220,50,220,50,220,0.254,0.2032,1100009002-03,GOOD,,1,
C14,120.005,137.506,104.727,0.008,0.001,,2022/5/27,10:54:35,D:\ADVANTECH\B19AK10AI23-10AI_KYSPI\BCM-949510AI013.mdb,50,220,50,220,50,220,0.254,0.2032,1100009002-03,GOOD,,2,
C15,123.106,135.424,109.085,0.006,-0.006,,2022/5/27,10:54:35,D:\ADVANTECH\B19AK10AI23-10AI_KYSPI\BCM-949510AI013.mdb,50,220,50,220,50,220,0.3544,0.3252,1100008245-02,GOOD,,1,
C15,123.111,142.939,103.354,0.005,-0.007,,2022/5/27,10:54:35,D:\ADVANTECH\B19AK10AI23-10AI_KYSPI\BCM-949510AI013.mdb,50,220,50,220,50,220,0.3544,0.3252,1100008245-02,GOOD,,2,
C16,117.512,129.708,108.717,0.005,-0.003,,2022/5/27,10:54:35,D:\ADVANTECH\B19AK10AI23-10AI_KYSPI\BCM-949510AI013.mdb,50,220,50,220,50,220,0.254,0.2032,1100009002-03,GOOD,,1,
C16,122.749,140.737,104.662,0.005,-0.003,,2022/5/27,10:54:35,D:\ADVANTECH\B19AK10AI23-10AI_KYSPI\BCM-949510AI013.mdb,50,220,50,220,50,220,0.254,0.2032,1100009002-03,GOOD,,2,
C17,127.024,142.696,106.821,0.006,0.001,,2022/5/27,10:54:35,D:\ADVANTECH\B19AK10AI23-10AI_KYSPI\BCM-949510AI013.mdb,50,220,50,220,50,220,0.3544,0.3252,1100008245-02,GOOD,,1,
C17,126.837,146.711,103.744,0.005,0,,2022/5/27,10:54:35,D:\ADVANTECH\B19AK10AI23-10AI_KYSPI\BCM-949510AI013.mdb,50,220,50,220,50,220,0.3544,0.3252,1100008245-02,GOOD,,2,
C18,119.378,131.78,108.706,0.013,-0.006,,2022/5/27,10:54:35,D:\ADVANTECH\B19AK10AI23-10AI_KYSPI\BCM-949510AI013.mdb,50,220,50,220,50,220,0.2032,0.254,1100009002-03,GOOD,,1,
C18,120.919,136.891,105.999,0.017,-0.008,,2022/5/27,10:54:35,D:\ADVANTECH\B19AK10AI23-10AI_KYSPI\BCM-949510AI013.mdb,50,220,50,220,50,220,0.2032,0.254,1100009002-03,GOOD,,2,
C19,115.461,128.934,107.461,0,0.001,,2022/5/27,10:54:35,D:\ADVANTECH\B19AK10AI23-10AI_KYSPI\BCM-949510AI013.mdb,50,220,50,220,50,220,0.2032,0.254,1100009002-03,GOOD,,1,
C19,115.399,132.449,104.553,0.004,0.006,,2022/5/27,10:54:35,D:\ADVANTECH\B19AK10AI23-10AI_KYSPI\BCM-949510AI013.mdb,50,220,50,220,50,220,0.2032,0.254,1100009002-03,GOOD,,2,
C20,112.569,127.571,105.889,0.003,-0.002,,2022/5/27,10:54:35,D:\ADVANTECH\B19AK10AI23-10AI_KYSPI\BCM-949510AI013.mdb,50,220,50,220,50,220,0.254,0.2032,1100009002-03,GOOD,,1,
C20,109.404,125.093,104.95,0.001,-0.003,,2022/5/27,10:54:35,D:\ADVANTECH\B19AK10AI23-10AI_KYSPI\BCM-949510AI013.mdb,50,220,50,220,50,220,0.254,0.2032,1100009002-03,GOOD,,2,
C21,113.766,131.998,103.425,0.004,-0.007,,2022/5/27,10:54:35,D:\ADVANTECH\B19AK10AI23-10AI_KYSPI\BCM-949510AI013.mdb,50,220,50,220,50,220,0.254,0.2032,1100009002-03,GOOD,,1,
C21,108.713,127.885,102.01,-0.007,-0.007,,2022/5/27,10:54:35,D:\ADVANTECH\B19AK10AI23-10AI_KYSPI\BCM-949510AI013.mdb,50,220,50,220,50,220,0.254,0.2032,1100009002-03,GOOD,,2,
C22,117.256,139.259,101.04,-0.002,-0.005,,2022/5/27,10:54:35,D:\ADVANTECH\B19AK10AI23-10AI_KYSPI\BCM-949510AI013.mdb,50,220,50,220,50,220,0.254,0.2032,1100009002-03,GOOD,,1,
C22,106.592,125.497,101.923,-0.004,-0.006,,2022/5/27,10:54:35,D:\ADVANTECH\B19AK10AI23-10AI_KYSPI\BCM-949510AI013.mdb,50,220,50,220,50,220,0.254,0.2032,1100009002-03,GOOD,,2,
C23,110.561,127.975,103.671,0.003,0.002,,2022/5/27,10:54:35,D:\ADVANTECH\B19AK10AI23-10AI_KYSPI\BCM-949510AI013.mdb,50,220,50,220,50,220,0.254,0.2032,1100009002-03,GOOD,,1,
C23,111.539,126.195,106.064,0.002,0.001,,2022/5/27,10:54:35,D:\ADVANTECH\B19AK10AI23-10AI_KYSPI\BCM-949510AI013.mdb,50,220,50,220,50,220,0.254,0.2032,1100009002-03,GOOD,,2,
C24,114.427,129.671,105.893,0.005,0.01,,2022/5/27,10:54:35,D:\ADVANTECH\B19AK10AI23-10AI_KYSPI\BCM-949510AI013.mdb,50,220,50,220,50,220,0.3252,0.3544,1100008245-02,GOOD,,1,
C24,117.559,133.571,105.614,0.006,0.009,,2022/5/27,10:54:35,D:\ADVANTECH\B19AK10AI23-10AI_KYSPI\BCM-949510AI013.mdb,50,220,50,220,50,220,0.3252,0.3544,1100008245-02,GOOD,,2,
C25,117.554,134.656,104.759,0.011,0.003,,2022/5/27,10:54:35,D:\ADVANTECH\B19AK10AI23-10AI_KYSPI\BCM-949510AI013.mdb,50,220,50,220,50,220,0.2032,0.254,1100009002-03,GOOD,,1,
C25,119.336,137.984,103.783,0.012,0.008,,2022/5/27,10:54:35,D:\ADVANTECH\B19AK10AI23-10AI_KYSPI\BCM-949510AI013.mdb,50,220,50,220,50,220,0.2032,0.254,1100009002-03,GOOD,,2,
C27,119.107,130.117,109.845,0.016,-0.007,,2022/5/27,10:54:35,D:\ADVANTECH\B19AK10AI23-10AI_KYSPI\BCM-949510AI013.mdb,50,220,50,220,50,220,0.2032,0.254,1100009002-03,GOOD,,1,
C27,115.512,128.809,107.612,0.019,-0.003,,2022/5/27,10:54:35,D:\ADVANTECH\B19AK10AI23-10AI_KYSPI\BCM-949510AI013.mdb,50,220,50,220,50,220,0.2032,0.254,1100009002-03,GOOD,,2,
C28,117.892,132.523,106.752,0.012,-0.007,,2022/5/27,10:54:35,D:\ADVANTECH\B19AK10AI23-10AI_KYSPI\BCM-949510AI013.mdb,50,220,50,220,50,220,0.2032,0.254,1100009002-03,GOOD,,1,
C28,114.579,126.214,108.938,0.01,-0.009,,2022/5/27,10:54:35,D:\ADVANTECH\B19AK10AI23-10AI_KYSPI\BCM-949510AI013.mdb,50,220,50,220,50,220,0.2032,0.254,1100009002-03,GOOD,,2,
C29,112.209,127.414,105.68,0,0.01,,2022/5/27,10:54:35,D:\ADVANTECH\B19AK10AI23-10AI_KYSPI\BCM-949510AI013.mdb,50,220,50,220,50,220,0.254,0.2032,1100009002-03,GOOD,,1,
C29,109.699,124.366,105.848,0.003,0.01,,2022/5/27,10:54:35,D:\ADVANTECH\B19AK10AI23-10AI_KYSPI\BCM-949510AI013.mdb,50,220,50,220,50,220,0.254,0.2032,1100009002-03,GOOD,,2,
C30,120.343,138.459,104.299,0.001,0.005,,2022/5/27,10:54:35,D:\ADVANTECH\B19AK10AI23-10AI_KYSPI\BCM-949510AI013.mdb,50,220,50,220,50,220,0.254,0.2032,1100009002-03,GOOD,,1,
C30,114.752,133.16,103.411,0.006,0.004,,2022/5/27,10:54:35,D:\ADVANTECH\B19AK10AI23-10AI_KYSPI\BCM-949510AI013.mdb,50,220,50,220,50,220,0.254,0.2032,1100009002-03,GOOD,,2,
C31,117.221,137.876,102.022,0.006,0.009,,2022/5/27,10:54:35,D:\ADVANTECH\B19AK10AI23-10AI_KYSPI\BCM-949510AI013.mdb,50,220,50,220,50,220,0.508,0.444,1100006895-02,GOOD,,1,
C31,123.081,143.229,103.119,0.005,0.006,,2022/5/27,10:54:35,D:\ADVANTECH\B19AK10AI23-10AI_KYSPI\BCM-949510AI013.mdb,50,220,50,220,50,220,0.508,0.444,1100006895-02,GOOD,,2,
C32,118.126,134.417,105.456,0.002,-0.001,,2022/5/27,10:54:35,D:\ADVANTECH\B19AK10AI23-10AI_KYSPI\BCM-949510AI013.mdb,50,220,50,220,50,220,0.254,0.2032,1100009002-03,GOOD,,1,
C32,115.09,135.538,101.896,0.001,-0.001,,2022/5/27,10:54:35,D:\ADVANTECH\B19AK10AI23-10AI_KYSPI\BCM-949510AI013.mdb,50,220,50,220,50,220,0.254,0.2032,1100009002-03,GOOD,,2,
C33,116.923,139.352,100.686,0.01,0.001,,2022/5/27,10:54:35,D:\ADVANTECH\B19AK10AI23-10AI_KYSPI\BCM-949510AI013.mdb,50,220,50,220,50,220,0.254,0.2032,1100009002-03,GOOD,,1,
C33,111.667,129.768,103.262,0.007,0.001,,2022/5/27,10:54:35,D:\ADVANTECH\B19AK10AI23-10AI_KYSPI\BCM-949510AI013.mdb,50,220,50,220,50,220,0.254,0.2032,1100009002-03,GOOD,,2,
C34,119.004,136.387,104.706,0.012,0.004,,2022/5/27,10:54:35,D:\ADVANTECH\B19AK10AI23-10AI_KYSPI\BCM-949510AI013.mdb,50,220,50,220,50,220,0.2032,0.254,1100009002-03,GOOD,,1,
C34,118.966,137.743,103.642,-0.004,-0.002,,2022/5/27,10:54:35,D:\ADVANTECH\B19AK10AI23-10AI_KYSPI\BCM-949510AI013.mdb,50,220,50,220,50,220,0.2032,0.254,1100009002-03,GOOD,,2,
C35,111.718,131.573,101.892,-0.001,0.002,,2022/5/27,10:54:35,D:\ADVANTECH\B19AK10AI23-10AI_KYSPI\BCM-949510AI013.mdb,50,220,50,220,50,220,0.254,0.2032,1100009002-03,GOOD,,1,
C35,111.024,133.329,99.925,-0.005,0.002,,2022/5/27,10:54:35,D:\ADVANTECH\B19AK10AI23-10AI_KYSPI\BCM-949510AI013.mdb,50,220,50,220,50,220,0.254,0.2032,1100009002-03,GOOD,,2,
C36,112.973,133.203,101.775,0.003,0.002,,2022/5/27,10:54:35,D:\ADVANTECH\B19AK10AI23-10AI_KYSPI\BCM-949510AI013.mdb,50,220,50,220,50,220,0.2032,0.254,1100009002-03,GOOD,,1,
C36,113.704,131.677,103.621,0.002,-0.003,,2022/5/27,10:54:35,D:\ADVANTECH\B19AK10AI23-10AI_KYSPI\BCM-949510AI013.mdb,50,220,50,220,50,220,0.2032,0.254,1100009002-03,GOOD,,2,
C37,114.702,134.499,102.338,0.004,0.007,,2022/5/27,10:54:35,D:\ADVANTECH\B19AK10AI23-10AI_KYSPI\BCM-949510AI013.mdb,50,220,50,220,50,220,0.254,0.2032,1100009002-03,GOOD,,1,
C37,111.918,128.907,104.184,0.001,0.006,,2022/5/27,10:54:35,D:\ADVANTECH\B19AK10AI23-10AI_KYSPI\BCM-949510AI013.mdb,50,220,50,220,50,220,0.254,0.2032,1100009002-03,GOOD,,2,
C38,117.09,136.568,102.885,-0.003,0,,2022/5/27,10:54:35,D:\ADVANTECH\B19AK10AI23-10AI_KYSPI\BCM-949510AI013.mdb,50,220,50,220,50,220,0.2032,0.254,1100009002-03,GOOD,,1,
C38,116.658,134.231,104.29,-0.001,-0.005,,2022/5/27,10:54:35,D:\ADVANTECH\B19AK10AI23-10AI_KYSPI\BCM-949510AI013.mdb,50,220,50,220,50,220,0.2032,0.254,1100009002-03,GOOD,,2,
C39,120.478,138.317,104.524,0.007,0.008,,2022/5/27,10:54:35,D:\ADVANTECH\B19AK10AI23-10AI_KYSPI\BCM-949510AI013.mdb,50,220,50,220,50,220,0.2032,0.254,1100009002-03,GOOD,,1,
C39,118.165,135.981,104.278,0.01,0.005,,2022/5/27,10:54:35,D:\ADVANTECH\B19AK10AI23-10AI_KYSPI\BCM-949510AI013.mdb,50,220,50,220,50,220,0.2032,0.254,1100009002-03,GOOD,,2,
C40,108.108,123.82,104.773,0.001,-0.004,,2022/5/27,10:54:35,D:\ADVANTECH\B19AK10AI23-10AI_KYSPI\BCM-949510AI013.mdb,50,220,50,220,50,220,0.254,0.2032,1100009002-03,GOOD,,1,
C40,111.219,128.006,104.263,-0.003,-0.003,,2022/5/27,10:54:35,D:\ADVANTECH\B19AK10AI23-10AI_KYSPI\BCM-949510AI013.mdb,50,220,50,220,50,220,0.254,0.2032,1100009002-03,GOOD,,2,
C41,114.602,131.214,104.809,0.013,0.006,,2022/5/27,10:54:35,D:\ADVANTECH\B19AK10AI23-10AI_KYSPI\BCM-949510AI013.mdb,50,220,50,220,50,220,0.2032,0.254,1100009002-03,GOOD,,1,
C41,117.802,137.47,102.831,0.013,0.004,,2022/5/27,10:54:35,D:\ADVANTECH\B19AK10AI23-10AI_KYSPI\BCM-949510AI013.mdb,50,220,50,220,50,220,0.2032,0.254,1100009002-03,GOOD,,2,
C42,109.217,125.243,104.645,0.005,0.001,,2022/5/27,10:54:35,D:\ADVANTECH\B19AK10AI23-10AI_KYSPI\BCM-949510AI013.mdb,50,220,50,220,50,220,0.254,0.2032,1100009002-03,GOOD,,1,
C42,116.64,133.579,104.783,0.01,0.001,,2022/5/27,10:54:35,D:\ADVANTECH\B19AK10AI23-10AI_KYSPI\BCM-949510AI013.mdb,50,220,50,220,50,220,0.254,0.2032,1100009002-03,GOOD,,2,
C43,112.138,126.307,106.538,0,0.003,,2022/5/27,10:54:35,D:\ADVANTECH\B19AK10AI23-10AI_KYSPI\BCM-949510AI013.mdb,50,220,50,220,50,220,0.2032,0.254,1100010464-01,GOOD,,1,
C43,116.06,132.177,105.368,0,0,,2022/5/27,10:54:35,D:\ADVANTECH\B19AK10AI23-10AI_KYSPI\BCM-949510AI013.mdb,50,220,50,220,50,220,0.2032,0.254,1100010464-01,GOOD,,2,
C44,112.537,128.341,105.223,0.01,0.003,,2022/5/27,10:54:35,D:\ADVANTECH\B19AK10AI23-10AI_KYSPI\BCM-949510AI013.mdb,50,220,50,220,50,220,0.2032,0.254,Y5S10AG010,GOOD,,1,
C44,116.903,131.412,106.751,0.018,-0.002,,2022/5/27,10:54:35,D:\ADVANTECH\B19AK10AI23-10AI_KYSPI\BCM-949510AI013.mdb,50,220,50,220,50,220,0.2032,0.254,Y5S10AG010,GOOD,,2,
C47,117.033,133.054,105.55,0.009,0.001,,2022/5/27,10:54:35,D:\ADVANTECH\B19AK10AI23-10AI_KYSPI\BCM-949510AI013.mdb,50,220,50,220,50,220,0.2032,0.254,1100010464-01,GOOD,,1,
C47,119.568,133.868,107.182,0.009,0.005,,2022/5/27,10:54:35,D:\ADVANTECH\B19AK10AI23-10AI_KYSPI\BCM-949510AI013.mdb,50,220,50,220,50,220,0.2032,0.254,1100010464-01,GOOD,,2,
C48,109.747,125.533,104.91,0.001,-0.002,,2022/5/27,10:54:35,D:\ADVANTECH\B19AK10AI23-10AI_KYSPI\BCM-949510AI013.mdb,50,220,50,220,50,220,0.254,0.2032,Y5S10AG010,GOOD,,1,
C48,110.993,131.26,101.471,0.004,-0.001,,2022/5/27,10:54:35,D:\ADVANTECH\B19AK10AI23-10AI_KYSPI\BCM-949510AI013.mdb,50,220,50,220,50,220,0.254,0.2032,Y5S10AG010,GOOD,,2,
C50,123.453,141.025,105.048,0.001,0.007,,2022/5/27,10:54:35,D:\ADVANTECH\B19AK10AI23-10AI_KYSPI\BCM-949510AI013.mdb,50,220,50,220,50,220,0.254,0.2032,1100010464-01,GOOD,,1,
C50,122.038,135.876,107.779,-0.002,0.006,,2022/5/27,10:54:35,D:\ADVANTECH\B19AK10AI23-10AI_KYSPI\BCM-949510AI013.mdb,50,220,50,220,50,220,0.254,0.2032,1100010464-01,GOOD,,2,
C51,118.874,137.37,103.843,-0.004,0.002,,2022/5/27,10:54:35,D:\ADVANTECH\B19AK10AI23-10AI_KYSPI\BCM-949510AI013.mdb,50,220,50,220,50,220,0.254,0.2032,1100010464-01,GOOD,,1,
C51,120.419,136.238,106.067,-0.005,0.001,,2022/5/27,10:54:35,D:\ADVANTECH\B19AK10AI23-10AI_KYSPI\BCM-949510AI013.mdb,50,220,50,220,50,220,0.254,0.2032,1100010464-01,GOOD,,2,
C52,116.022,133.298,104.447,-0.001,-0.001,,2022/5/27,10:54:35,D:\ADVANTECH\B19AK10AI23-10AI_KYSPI\BCM-949510AI013.mdb,50,220,50,220,50,220,0.254,0.2032,1100010464-01,GOOD,,1,
C52,117.625,130.27,108.352,0.004,-0.001,,2022/5/27,10:54:35,D:\ADVANTECH\B19AK10AI23-10AI_KYSPI\BCM-949510AI013.mdb,50,220,50,220,50,220,0.254,0.2032,1100010464-01,GOOD,,2,
C53,117.483,131.066,107.564,-0.004,-0.004,,2022/5/27,10:54:35,D:\ADVANTECH\B19AK10AI23-10AI_KYSPI\BCM-949510AI013.mdb,50,220,50,220,50,220,0.3544,0.3252,1100006362-04,GOOD,,1,
C53,117.146,137.09,102.543,-0.005,0.011,,2022/5/27,10:54:35,D:\ADVANTECH\B19AK10AI23-10AI_KYSPI\BCM-949510AI013.mdb,50,220,50,220,50,220,0.3544,0.3252,1100006362-04,GOOD,,2,
C54,117.113,134.345,104.607,-0.003,0.01,,2022/5/27,10:54:35,D:\ADVANTECH\B19AK10AI23-10AI_KYSPI\BCM-949510AI013.mdb,50,220,50,220,50,220,0.254,0.2032,1100010464-01,GOOD,,1,
C54,119.421,136.406,105.058,-0.006,0.01,,2022/5/27,10:54:35,D:\ADVANTECH\B19AK10AI23-10AI_KYSPI\BCM-949510AI013.mdb,50,220,50,220,50,220,0.254,0.2032,1100010464-01,GOOD,,2,
C55,119.218,138.154,103.552,0.007,0.001,,2022/5/27,10:54:35,D:\ADVANTECH\B19AK10AI23-10AI_KYSPI\BCM-949510AI013.mdb,50,220,50,220,50,220,0.2032,0.254,1100010464-01,GOOD,,1,
C55,115.374,129.305,107.072,0.003,0.006,,2022/5/27,10:54:35,D:\ADVANTECH\B19AK10AI23-10AI_KYSPI\BCM-949510AI013.mdb,50,220,50,220,50,220,0.2032,0.254,1100010464-01,GOOD,,2,
C56,119.962,136.904,105.149,-0.002,0,,2022/5/27,10:54:35,D:\ADVANTECH\B19AK10AI23-10AI_KYSPI\BCM-949510AI013.mdb,50,220,50,220,50,220,0.254,0.2032,1100010464-01,GOOD,,1,
C56,116.628,130.012,107.647,0.004,0,,2022/5/27,10:54:35,D:\ADVANTECH\B19AK10AI23-10AI_KYSPI\BCM-949510AI013.mdb,50,220,50,220,50,220,0.254,0.2032,1100010464-01,GOOD,,2,
C57,116.717,134.511,104.126,0.003,-0.011,,2022/5/27,10:54:35,D:\ADVANTECH\B19AK10AI23-10AI_KYSPI\BCM-949510AI013.mdb,50,220,50,220,50,220,0.3252,0.3544,1100006362-04,GOOD,,1,
C57,123.409,141.159,104.911,0.006,-0.013,,2022/5/27,10:54:35,D:\ADVANTECH\B19AK10AI23-10AI_KYSPI\BCM-949510AI013.mdb,50,220,50,220,50,220,0.3252,0.3544,1100006362-04,GOOD,,2,
C58,113.237,131.222,103.553,-0.004,0.003,,2022/5/27,10:54:35,D:\ADVANTECH\B19AK10AI23-10AI_KYSPI\BCM-949510AI013.mdb,50,220,50,220,50,220,0.254,0.2032,1100010464-01,GOOD,,1,
C58,111.508,126.661,105.644,-0.001,0.004,,2022/5/27,10:54:35,D:\ADVANTECH\B19AK10AI23-10AI_KYSPI\BCM-949510AI013.mdb,50,220,50,220,50,220,0.254,0.2032,1100010464-01,GOOD,,2,
C59,119.817,137.652,104.452,0,0.005,,2022/5/27,10:54:35,D:\ADVANTECH\B19AK10AI23-10AI_KYSPI\BCM-949510AI013.mdb,50,220,50,220,50,220,0.254,0.2032,1100010464-01,GOOD,,1,
C59,119.867,135.917,105.83,-0.002,0.005,,2022/5/27,10:54:35,D:\ADVANTECH\B19AK10AI23-10AI_KYSPI\BCM-949510AI013.mdb,50,220,50,220,50,220,0.254,0.2032,1100010464-01,GOOD,,2,
C60,116.781,130.791,107.146,0.005,0.001,,2022/5/27,10:54:35,D:\ADVANTECH\B19AK10AI23-10AI_KYSPI\BCM-949510AI013.mdb,50,220,50,220,50,220,0.2032,0.254,1100009229-02,GOOD,,1,
C60,114.251,131.618,104.166,0.005,-0.001,,2022/5/27,10:54:35,D:\ADVANTECH\B19AK10AI23-10AI_KYSPI\BCM-949510AI013.mdb,50,220,50,220,50,220,0.2032,0.254,1100009229-02,GOOD,,2,
C61,121.815,139.059,105.119,0.01,0.002,,2022/5/27,10:54:35,D:\ADVANTECH\B19AK10AI23-10AI_KYSPI\BCM-949510AI013.mdb,50,220,50,220,50,220,0.2032,0.254,1100010464-01,GOOD,,1,
C61,115.873,128.92,107.856,0.007,-0.001,,2022/5/27,10:54:35,D:\ADVANTECH\B19AK10AI23-10AI_KYSPI\BCM-949510AI013.mdb,50,220,50,220,50,220,0.2032,0.254,1100010464-01,GOOD,,2,
C66,116.314,134.417,103.838,-0.003,0.001,,2022/5/27,10:54:35,D:\ADVANTECH\B19AK10AI23-10AI_KYSPI\BCM-949510AI013.mdb,50,220,50,220,50,220,0.254,0.2032,1100009002-03,GOOD,,1,
C66,111.939,126.161,106.473,0.003,0,,2022/5/27,10:54:35,D:\ADVANTECH\B19AK10AI23-10AI_KYSPI\BCM-949510AI013.mdb,50,220,50,220,50,220,0.254,0.2032,1100009002-03,GOOD,,2,
C67,112.154,126.186,106.656,0.001,0.006,,2022/5/27,10:54:35,D:\ADVANTECH\B19AK10AI23-10AI_KYSPI\BCM-949510AI013.mdb,50,220,50,220,50,220,0.2032,0.254,1100009002-03,GOOD,,1,
C67,116.401,129.729,107.671,-0.001,0.003,,2022/5/27,10:54:35,D:\ADVANTECH\B19AK10AI23-10AI_KYSPI\BCM-949510AI013.mdb,50,220,50,220,50,220,0.2032,0.254,1100009002-03,GOOD,,2,
C68,119.789,136.693,105.16,-0.002,0.006,,2022/5/27,10:54:35,D:\ADVANTECH\B19AK10AI23-10AI_KYSPI\BCM-949510AI013.mdb,50,220,50,220,50,220,0.254,0.2032,1100009002-03,GOOD,,1,
C68,121.99,139.504,104.934,0.005,0.006,,2022/5/27,10:54:35,D:\ADVANTECH\B19AK10AI23-10AI_KYSPI\BCM-949510AI013.mdb,50,220,50,220,50,220,0.254,0.2032,1100009002-03,GOOD,,2,
C73,110.772,127.474,104.278,0.004,0.004,,2022/5/27,10:54:35,D:\ADVANTECH\B19AK10AI23-10AI_KYSPI\BCM-949510AI013.mdb,50,220,50,220,50,220,0.2032,0.254,1100009002-03,GOOD,,1,
C73,110.748,126.866,104.755,0.004,0.007,,2022/5/27,10:54:35,D:\ADVANTECH\B19AK10AI23-10AI_KYSPI\BCM-949510AI013.mdb,50,220,50,220,50,220,0.2032,0.254,1100009002-03,GOOD,,2,
C75,113.683,129.592,105.269,-0.004,0.006,,2022/5/27,10:54:35,D:\ADVANTECH\B19AK10AI23-10AI_KYSPI\BCM-949510AI013.mdb,50,220,50,220,50,220,0.254,0.2032,1124418091-06,GOOD,,1,
C75,112.868,128.269,105.591,-0.004,0.009,,2022/5/27,10:54:35,D:\ADVANTECH\B19AK10AI23-10AI_KYSPI\BCM-949510AI013.mdb,50,220,50,220,50,220,0.254,0.2032,1124418091-06,GOOD,,2,
C77,107.456,126.286,102.108,0.007,-0.001,,2022/5/27,10:54:35,D:\ADVANTECH\B19AK10AI23-10AI_KYSPI\BCM-949510AI013.mdb,50,220,50,220,50,220,0.254,0.2032,1100009002-03,GOOD,,1,
C77,109.77,127.268,103.501,0.004,-0.002,,2022/5/27,10:54:35,D:\ADVANTECH\B19AK10AI23-10AI_KYSPI\BCM-949510AI013.mdb,50,220,50,220,50,220,0.254,0.2032,1100009002-03,GOOD,,2,
C78,118.349,138.498,102.542,0.009,-0.003,,2022/5/27,10:54:35,D:\ADVANTECH\B19AK10AI23-10AI_KYSPI\BCM-949510AI013.mdb,50,220,50,220,50,220,0.2032,0.254,1100010464-01,GOOD,,1,
C78,117.408,136.849,102.953,0.007,0.002,,2022/5/27,10:54:35,D:\ADVANTECH\B19AK10AI23-10AI_KYSPI\BCM-949510AI013.mdb,50,220,50,220,50,220,0.2032,0.254,1100010464-01,GOOD,,2,
C79,117.536,137.456,102.61,-0.003,0.002,,2022/5/27,10:54:35,D:\ADVANTECH\B19AK10AI23-10AI_KYSPI\BCM-949510AI013.mdb,50,220,50,220,50,220,0.254,0.2032,1100009229-02,GOOD,,1,
C79,120.465,137.206,105.358,0.002,0.002,,2022/5/27,10:54:35,D:\ADVANTECH\B19AK10AI23-10AI_KYSPI\BCM-949510AI013.mdb,50,220,50,220,50,220,0.254,0.2032,1100009229-02,GOOD,,2,
C80,111.931,130.089,103.251,0.001,0.006,,2022/5/27,10:54:35,D:\ADVANTECH\B19AK10AI23-10AI_KYSPI\BCM-949510AI013.mdb,50,220,50,220,50,220,0.2032,0.254,1100010464-01,GOOD,,1,
C80,113.157,126.653,107.213,0,0.008,,2022/5/27,10:54:35,D:\ADVANTECH\B19AK10AI23-10AI_KYSPI\BCM-949510AI013.mdb,50,220,50,220,50,220,0.2032,0.254,1100010464-01,GOOD,,2,
C81,120.003,135.778,106.058,0.006,0.003,,2022/5/27,10:54:35,D:\ADVANTECH\B19AK10AI23-10AI_KYSPI\BCM-949510AI013.mdb,50,220,50,220,50,220,0.2032,0.254,Y5S10A3050,GOOD,,1,
C81,114.288,128.054,107.1,0.001,0.006,,2022/5/27,10:54:35,D:\ADVANTECH\B19AK10AI23-10AI_KYSPI\BCM-949510AI013.mdb,50,220,50,220,50,220,0.2032,0.254,Y5S10A3050,GOOD,,2,
C88,124.537,143.727,103.978,-0.005,-0.002,,2022/5/27,10:54:35,D:\ADVANTECH\B19AK10AI23-10AI_KYSPI\BCM-949510AI013.mdb,50,220,50,220,50,220,0.444,0.508,1100006895-02,GOOD,,1,
C88,115.795,132.636,104.764,-0.011,-0.001,,2022/5/27,10:54:35,D:\ADVANTECH\B19AK10AI23-10AI_KYSPI\BCM-949510AI013.mdb,50,220,50,220,50,220,0.444,0.508,1100006895-02,GOOD,,2,
C89,121.749,134.987,108.232,0.022,-0.003,,2022/5/27,10:54:35,D:\ADVANTECH\B19AK10AI23-10AI_KYSPI\BCM-949510AI013.mdb,50,220,50,220,50,220,0.2032,0.254,1100010464-01,GOOD,,1,
C89,117.036,132.833,105.729,0.018,0,,2022/5/27,10:54:35,D:\ADVANTECH\B19AK10AI23-10AI_KYSPI\BCM-949510AI013.mdb,50,220,50,220,50,220,0.2032,0.254,1100010464-01,GOOD,,2,
C91,120.622,132.182,109.506,0.02,0.006,,2022/5/27,10:54:35,D:\ADVANTECH\B19AK10AI23-10AI_KYSPI\BCM-949510AI013.mdb,50,220,50,220,50,220,0.2032,0.254,1100010464-01,GOOD,,1,
C91,121.761,134.207,108.872,0.02,0.003,,2022/5/27,10:54:35,D:\ADVANTECH\B19AK10AI23-10AI_KYSPI\BCM-949510AI013.mdb,50,220,50,220,50,220,0.2032,0.254,1100010464-01,GOOD,,2,
C92,121.403,138.406,105.258,0.028,-0.005,,2022/5/27,10:54:35,D:\ADVANTECH\B19AK10AI23-10AI_KYSPI\BCM-949510AI013.mdb,50,220,50,220,50,220,0.2032,0.254,1100010464-01,GOOD,,1,
C92,119.709,137.436,104.522,0.019,0.002,,2022/5/27,10:54:35,D:\ADVANTECH\B19AK10AI23-10AI_KYSPI\BCM-949510AI013.mdb,50,220,50,220,50,220,0.2032,0.254,1100010464-01,GOOD,,2,
C93,119.94,136.1,105.752,0.01,-0.01,,2022/5/27,10:54:35,D:\ADVANTECH\B19AK10AI23-10AI_KYSPI\BCM-949510AI013.mdb,50,220,50,220,50,220,0.3252,0.3544,1100008245-02,GOOD,,1,
C93,120.528,135.609,106.655,0.011,-0.002,,2022/5/27,10:54:35,D:\ADVANTECH\B19AK10AI23-10AI_KYSPI\BCM-949510AI013.mdb,50,220,50,220,50,220,0.3252,0.3544,1100008245-02,GOOD,,2,
C94,124.387,139.655,106.881,0.021,0.002,,2022/5/27,10:54:35,D:\ADVANTECH\B19AK10AI23-10AI_KYSPI\BCM-949510AI013.mdb,50,220,50,220,50,220,0.254,0.2032,1100010464-01,GOOD,,1,
C94,122.003,140.912,103.898,0.018,0.003,,2022/5/27,10:54:35,D:\ADVANTECH\B19AK10AI23-10AI_KYSPI\BCM-949510AI013.mdb,50,220,50,220,50,220,0.254,0.2032,1100010464-01,GOOD,,2,
C95,106.004,121.557,104.647,0.009,-0.005,,2022/5/27,10:54:35,D:\ADVANTECH\B19AK10AI23-10AI_KYSPI\BCM-949510AI013.mdb,50,220,50,220,50,220,0.2032,0.254,1100010464-01,GOOD,,1,
C95,112.565,131.66,102.596,0.022,-0.008,,2022/5/27,10:54:35,D:\ADVANTECH\B19AK10AI23-10AI_KYSPI\BCM-949510AI013.mdb,50,220,50,220,50,220,0.2032,0.254,1100010464-01,GOOD,,2,
C98,117.134,131.768,106.673,0.027,-0.005,,2022/5/27,10:54:35,D:\ADVANTECH\B19AK10AI23-10AI_KYSPI\BCM-949510AI013.mdb,50,220,50,220,50,220,0.2032,0.254,1100010464-01,GOOD,,1,
C98,111.227,130.06,102.624,0.016,0,,2022/5/27,10:54:35,D:\ADVANTECH\B19AK10AI23-10AI_KYSPI\BCM-949510AI013.mdb,50,220,50,220,50,220,0.2032,0.254,1100010464-01,GOOD,,2,
C101,115.38,132.209,104.725,0.004,0.008,,2022/5/27,10:54:35,D:\ADVANTECH\B19AK10AI23-10AI_KYSPI\BCM-949510AI013.mdb,50,220,50,220,50,220,0.3252,0.3544,1100006362-04,GOOD,,1,
C101,118.441,134.523,105.654,0.005,0.006,,2022/5/27,10:54:35,D:\ADVANTECH\B19AK10AI23-10AI_KYSPI\BCM-949510AI013.mdb,50,220,50,220,50,220,0.3252,0.3544,1100006362-04,GOOD,,2,
C103,122.553,135.705,108.371,0.004,0.003,,2022/5/27,10:54:35,D:\ADVANTECH\B19AK10AI23-10AI_KYSPI\BCM-949510AI013.mdb,50,220,50,220,50,220,0.2032,0.254,1100010464-01,GOOD,,1,
C103,124.571,136.577,109.451,0.013,0,,2022/5/27,10:54:35,D:\ADVANTECH\B19AK10AI23-10AI_KYSPI\BCM-949510AI013.mdb,50,220,50,220,50,220,0.2032,0.254,1100010464-01,GOOD,,2,
C104,118.815,134.129,106.299,0.015,0.005,,2022/5/27,10:54:35,D:\ADVANTECH\B19AK10AI23-10AI_KYSPI\BCM-949510AI013.mdb,50,220,50,220,50,220,0.2032,0.254,1100010464-01,GOOD,,1,
C104,118.938,135.616,105.243,0.018,0.002,,2022/5/27,10:54:35,D:\ADVANTECH\B19AK10AI23-10AI_KYSPI\BCM-949510AI013.mdb,50,220,50,220,50,220,0.2032,0.254,1100010464-01,GOOD,,2,
C105,127.435,139.157,109.891,0.014,0.005,,2022/5/27,10:54:35,D:\ADVANTECH\B19AK10AI23-10AI_KYSPI\BCM-949510AI013.mdb,50,220,50,220,50,220,0.2032,0.254,1100010464-01,GOOD,,1,
C105,125.108,137.865,108.896,0.012,0.008,,2022/5/27,10:54:35,D:\ADVANTECH\B19AK10AI23-10AI_KYSPI\BCM-949510AI013.mdb,50,220,50,220,50,220,0.2032,0.254,1100010464-01,GOOD,,2,
C106,120.414,134.116,107.74,0.016,-0.001,,2022/5/27,10:54:35,D:\ADVANTECH\B19AK10AI23-10AI_KYSPI\BCM-949510AI013.mdb,50,220,50,220,50,220,0.2032,0.254,1100010464-01,GOOD,,1,
C106,116.794,130.223,107.626,0.013,0.004,,2022/5/27,10:54:35,D:\ADVANTECH\B19AK10AI23-10AI_KYSPI\BCM-949510AI013.mdb,50,220,50,220,50,220,0.2032,0.254,1100010464-01,GOOD,,2,
C107,116.934,129.943,107.987,0.02,-0.009,,2022/5/27,10:54:35,D:\ADVANTECH\B19AK10AI23-10AI_KYSPI\BCM-949510AI013.mdb,50,220,50,220,50,220,0.2032,0.254,1100010464-01,GOOD,,1,
C107,122.434,135.303,108.586,0.021,-0.004,,2022/5/27,10:54:35,D:\ADVANTECH\B19AK10AI23-10AI_KYSPI\BCM-949510AI013.mdb,50,220,50,220,50,220,0.2032,0.254,1100010464-01,GOOD,,2,
C108,124.554,141.232,105.83,0.017,0.004,,2022/5/27,10:54:35,D:\ADVANTECH\B19AK10AI23-10AI_KYSPI\BCM-949510AI013.mdb,50,220,50,220,50,220,0.2032,0.254,1100010464-01,GOOD,,1,
C108,125.675,141.852,106.315,0.02,0.009,,2022/5/27,10:54:35,D:\ADVANTECH\B19AK10AI23-10AI_KYSPI\BCM-949510AI013.mdb,50,220,50,220,50,220,0.2032,0.254,1100010464-01,GOOD,,2,
C112,124.121,140.488,106.02,0.02,0.008,,2022/5/27,10:54:35,D:\ADVANTECH\B19AK10AI23-10AI_KYSPI\BCM-949510AI013.mdb,50,220,50,220,50,220,0.2032,0.254,1100010464-01,GOOD,,1,
C112,116.516,129.837,107.688,0.014,0.003,,2022/5/27,10:54:35,D:\ADVANTECH\B19AK10AI23-10AI_KYSPI\BCM-949510AI013.mdb,50,220,50,220,50,220,0.2032,0.254,1100010464-01,GOOD,,2,
C114,123.719,142.161,104.432,0.008,-0.004,,2022/5/27,10:54:35,D:\ADVANTECH\B19AK10AI23-10AI_KYSPI\BCM-949510AI013.mdb,50,220,50,220,50,220,0.254,0.2032,1100010464-01,GOOD,,1,
C114,122.204,139.55,105.084,0,-0.004,,2022/5/27,10:54:35,D:\ADVANTECH\B19AK10AI23-10AI_KYSPI\BCM-949510AI013.mdb,50,220,50,220,50,220,0.254,0.2032,1100010464-01,GOOD,,2,
C117,121.664,137.571,106.125,0.001,-0.005,,2022/5/27,10:54:35,D:\ADVANTECH\B19AK10AI23-10AI_KYSPI\BCM-949510AI013.mdb,50,220,50,220,50,220,0.254,0.2032,1100010464-01,GOOD,,1,
C117,124.506,140.201,106.566,0.01,-0.005,,2022/5/27,10:54:35,D:\ADVANTECH\B19AK10AI23-10AI_KYSPI\BCM-949510AI013.mdb,50,220,50,220,50,220,0.254,0.2032,1100010464-01,GOOD,,2,
C231,118.542,138.244,102.898,0.026,-0.003,,2022/5/27,10:54:35,D:\ADVANTECH\B19AK10AI23-10AI_KYSPI\BCM-949510AI013.mdb,50,220,50,220,50,220,0.2032,0.254,Y5S10A3050,GOOD,,1,
C231,116.423,132.795,105.206,0.019,0.002,,2022/5/27,10:54:35,D:\ADVANTECH\B19AK10AI23-10AI_KYSPI\BCM-949510AI013.mdb,50,220,50,220,50,220,0.2032,0.254,Y5S10A3050,GOOD,,2,
C232,106.464,120.781,105.776,0.011,-0.004,,2022/5/27,10:54:35,D:\ADVANTECH\B19AK10AI23-10AI_KYSPI\BCM-949510AI013.mdb,50,220,50,220,50,220,0.2032,0.254,Y5S10A3050,GOOD,,1,
C232,114.945,131.535,104.865,0.021,0.001,,2022/5/27,10:54:35,D:\ADVANTECH\B19AK10AI23-10AI_KYSPI\BCM-949510AI013.mdb,50,220,50,220,50,220,0.2032,0.254,Y5S10A3050,GOOD,,2,
C240,116.832,130.471,107.455,0.005,-0.002,,2022/5/27,10:54:35,D:\ADVANTECH\B19AK10AI23-10AI_KYSPI\BCM-949510AI013.mdb,50,220,50,220,50,220,0.254,0.2032,1100010464-01,GOOD,,1,
C240,118.535,135.79,104.752,0,-0.002,,2022/5/27,10:54:35,D:\ADVANTECH\B19AK10AI23-10AI_KYSPI\BCM-949510AI013.mdb,50,220,50,220,50,220,0.254,0.2032,1100010464-01,GOOD,,2,
C241,119.126,132.222,108.114,-0.001,0.007,,2022/5/27,10:54:35,D:\ADVANTECH\B19AK10AI23-10AI_KYSPI\BCM-949510AI013.mdb,50,220,50,220,50,220,0.254,0.2032,1100010464-01,GOOD,,1,
C241,117.657,134.913,104.651,0.001,0.008,,2022/5/27,10:54:35,D:\ADVANTECH\B19AK10AI23-10AI_KYSPI\BCM-949510AI013.mdb,50,220,50,220,50,220,0.254,0.2032,1100010464-01,GOOD,,2,
C242,112.093,133.041,101.106,0.006,0.01,,2022/5/27,10:54:35,D:\ADVANTECH\B19AK10AI23-10AI_KYSPI\BCM-949510AI013.mdb,50,220,50,220,50,220,0.254,0.2032,1100009002-03,GOOD,,1,
C242,110.113,130.583,101.19,0.004,0.01,,2022/5/27,10:54:35,D:\ADVANTECH\B19AK10AI23-10AI_KYSPI\BCM-949510AI013.mdb,50,220,50,220,50,220,0.254,0.2032,1100009002-03,GOOD,,2,
C243,118.493,140.304,101.346,0.028,-0.003,,2022/5/27,10:54:35,D:\ADVANTECH\B19AK10AI23-10AI_KYSPI\BCM-949510AI013.mdb,50,220,50,220,50,220,0.2032,0.254,1100010464-01,GOOD,,1,
C243,108.722,127.313,102.477,0.022,-0.001,,2022/5/27,10:54:35,D:\ADVANTECH\B19AK10AI23-10AI_KYSPI\BCM-949510AI013.mdb,50,220,50,220,50,220,0.2032,0.254,1100010464-01,GOOD,,2,
C249,117.962,130.586,108.4,0.016,0.004,,2022/5/27,10:54:35,D:\ADVANTECH\B19AK10AI23-10AI_KYSPI\BCM-949510AI013.mdb,50,220,50,220,50,220,0.2032,0.254,Y5S10A3050,GOOD,,1,
C249,117.291,129.69,108.528,0.016,0.001,,2022/5/27,10:54:35,D:\ADVANTECH\B19AK10AI23-10AI_KYSPI\BCM-949510AI013.mdb,50,220,50,220,50,220,0.2032,0.254,Y5S10A3050,GOOD,,2,
C250,120.202,135.298,106.611,0.005,-0.004,,2022/5/27,10:54:35,D:\ADVANTECH\B19AK10AI23-10AI_KYSPI\BCM-949510AI013.mdb,50,220,50,220,50,220,0.3252,0.3544,1100008245-02,GOOD,,1,
C250,115.648,131.847,105.256,0.008,-0.002,,2022/5/27,10:54:35,D:\ADVANTECH\B19AK10AI23-10AI_KYSPI\BCM-949510AI013.mdb,50,220,50,220,50,220,0.3252,0.3544,1100008245-02,GOOD,,2,
C251,119.353,136.915,104.608,0.012,-0.002,,2022/5/27,10:54:35,D:\ADVANTECH\B19AK10AI23-10AI_KYSPI\BCM-949510AI013.mdb,50,220,50,220,50,220,0.254,0.2032,1100010464-01,GOOD,,1,
C251,115.441,128.629,107.697,0.006,-0.002,,2022/5/27,10:54:35,D:\ADVANTECH\B19AK10AI23-10AI_KYSPI\BCM-949510AI013.mdb,50,220,50,220,50,220,0.254,0.2032,1100010464-01,GOOD,,2,
C252,110.783,126.775,104.863,0.007,-0.001,,2022/5/27,10:54:35,D:\ADVANTECH\B19AK10AI23-10AI_KYSPI\BCM-949510AI013.mdb,50,220,50,220,50,220,0.2032,0.254,1100010464-01,GOOD,,1,
C252,110.144,127.874,103.362,0.009,-0.004,,2022/5/27,10:54:35,D:\ADVANTECH\B19AK10AI23-10AI_KYSPI\BCM-949510AI013.mdb,50,220,50,220,50,220,0.2032,0.254,1100010464-01,GOOD,,2,
C253,124.858,137.049,109.326,0.02,0.002,,2022/5/27,10:54:35,D:\ADVANTECH\B19AK10AI23-10AI_KYSPI\BCM-949510AI013.mdb,50,220,50,220,50,220,0.2032,0.254,1100010464-01,GOOD,,1,
C253,127.471,143.455,106.629,0.019,0.005,,2022/5/27,10:54:35,D:\ADVANTECH\B19AK10AI23-10AI_KYSPI\BCM-949510AI013.mdb,50,220,50,220,50,220,0.2032,0.254,1100010464-01,GOOD,,2,
C254,120.275,136.584,105.671,0.023,-0.004,,2022/5/27,10:54:35,D:\ADVANTECH\B19AK10AI23-10AI_KYSPI\BCM-949510AI013.mdb,50,220,50,220,50,220,0.2032,0.254,1100010464-01,GOOD,,1,
C254,123.883,140.585,105.743,0.02,0.001,,2022/5/27,10:54:35,D:\ADVANTECH\B19AK10AI23-10AI_KYSPI\BCM-949510AI013.mdb,50,220,50,220,50,220,0.2032,0.254,1100010464-01,GOOD,,2,
C255,124.117,138.172,107.794,0.013,0.004,,2022/5/27,10:54:35,D:\ADVANTECH\B19AK10AI23-10AI_KYSPI\BCM-949510AI013.mdb,50,220,50,220,50,220,0.2032,0.254,1100010464-01,GOOD,,1,
C255,121.169,133.204,109.158,0.022,0.007,,2022/5/27,10:54:35,D:\ADVANTECH\B19AK10AI23-10AI_KYSPI\BCM-949510AI013.mdb,50,220,50,220,50,220,0.2032,0.254,1100010464-01,GOOD,,2,
C256,114.964,129.031,106.917,0.009,0.003,,2022/5/27,10:54:35,D:\ADVANTECH\B19AK10AI23-10AI_KYSPI\BCM-949510AI013.mdb,50,220,50,220,50,220,0.2032,0.254,1100010464-01,GOOD,,1,
C256,113.87,131.902,103.594,0.016,0.001,,2022/5/27,10:54:35,D:\ADVANTECH\B19AK10AI23-10AI_KYSPI\BCM-949510AI013.mdb,50,220,50,220,50,220,0.2032,0.254,1100010464-01,GOOD,,2,
C258,115.206,135.893,101.732,0.001,-0.004,,2022/5/27,10:54:35,D:\ADVANTECH\B19AK10AI23-10AI_KYSPI\BCM-949510AI013.mdb,50,220,50,220,50,220,0.444,0.508,1100006895-02,GOOD,,1,
C258,117.567,134.072,105.227,-0.004,-0.003,,2022/5/27,10:54:35,D:\ADVANTECH\B19AK10AI23-10AI_KYSPI\BCM-949510AI013.mdb,50,220,50,220,50,220,0.444,0.508,1100006895-02,GOOD,,2,
C289,112.113,129.324,104.03,0.002,-0.001,,2022/5/27,10:54:35,D:\ADVANTECH\B19AK10AI23-10AI_KYSPI\BCM-949510AI013.mdb,50,220,50,220,50,220,0.5196,0.9552,Y5S10AI006,GOOD,,1,
C289,117.285,135.332,103.998,0.001,0,,2022/5/27,10:54:35,D:\ADVANTECH\B19AK10AI23-10AI_KYSPI\BCM-949510AI013.mdb,50,220,50,220,50,220,0.5196,0.9552,Y5S10AI006,GOOD,,2,
C292,119.812,136.169,105.586,0.008,0.007,,2022/5/27,10:54:35,D:\ADVANTECH\B19AK10AI23-10AI_KYSPI\BCM-949510AI013.mdb,50,220,50,220,50,220,0.2032,0.254,1100010464-01,GOOD,,1,
C292,118.16,139.873,101.372,0.008,0.004,,2022/5/27,10:54:35,D:\ADVANTECH\B19AK10AI23-10AI_KYSPI\BCM-949510AI013.mdb,50,220,50,220,50,220,0.2032,0.254,1100010464-01,GOOD,,2,
C295,120.903,140.16,103.513,0.004,-0.001,,2022/5/27,10:54:35,D:\ADVANTECH\B19AK10AI23-10AI_KYSPI\BCM-949510AI013.mdb,50,220,50,220,50,220,0.254,0.2032,1100010464-01,GOOD,,1,
C295,125.998,141.666,106.728,0.013,-0.001,,2022/5/27,10:54:35,D:\ADVANTECH\B19AK10AI23-10AI_KYSPI\BCM-949510AI013.mdb,50,220,50,220,50,220,0.254,0.2032,1100010464-01,GOOD,,2,
C298,124.15,139.686,106.653,0.011,-0.001,,2022/5/27,10:54:35,D:\ADVANTECH\B19AK10AI23-10AI_KYSPI\BCM-949510AI013.mdb,50,220,50,220,50,220,0.254,0.2032,1100010464-01,GOOD,,1,
C298,121.144,138.174,105.21,0.006,0,,2022/5/27,10:54:35,D:\ADVANTECH\B19AK10AI23-10AI_KYSPI\BCM-949510AI013.mdb,50,220,50,220,50,220,0.254,0.2032,1100010464-01,GOOD,,2,
C311,111.477,127.954,104.548,0.013,-0.007,,2022/5/27,10:54:35,D:\ADVANTECH\B19AK10AI23-10AI_KYSPI\BCM-949510AI013.mdb,50,220,50,220,50,220,0.2032,0.254,1100007318-04,GOOD,,1,
C311,113.792,130.96,104.269,0.017,-0.005,,2022/5/27,10:54:35,D:\ADVANTECH\B19AK10AI23-10AI_KYSPI\BCM-949510AI013.mdb,50,220,50,220,50,220,0.2032,0.254,1100007318-04,GOOD,,2,
C312,111.277,127.426,104.792,-0.002,0.003,,2022/5/27,10:54:35,D:\ADVANTECH\B19AK10AI23-10AI_KYSPI\BCM-949510AI013.mdb,50,220,50,220,50,220,0.254,0.2032,1100007318-04,GOOD,,1,
C312,112.062,130.549,103.007,0.001,0.001,,2022/5/27,10:54:35,D:\ADVANTECH\B19AK10AI23-10AI_KYSPI\BCM-949510AI013.mdb,50,220,50,220,50,220,0.254,0.2032,1100007318-04,GOOD,,2,
C313,112.172,126.512,106.399,0.005,-0.008,,2022/5/27,10:54:35,D:\ADVANTECH\B19AK10AI23-10AI_KYSPI\BCM-949510AI013.mdb,50,220,50,220,50,220,0.254,0.2032,1100007318-04,GOOD,,1,
C313,110.67,125.259,106.024,0.004,-0.009,,2022/5/27,10:54:35,D:\ADVANTECH\B19AK10AI23-10AI_KYSPI\BCM-949510AI013.mdb,50,220,50,220,50,220,0.254,0.2032,1100007318-04,GOOD,,2,
C314,110.999,128.139,103.949,-0.001,0.006,,2022/5/27,10:54:35,D:\ADVANTECH\B19AK10AI23-10AI_KYSPI\BCM-949510AI013.mdb,50,220,50,220,50,220,0.254,0.2032,1100007318-04,GOOD,,1,
C314,117.119,132.998,105.673,0.004,0.007,,2022/5/27,10:54:35,D:\ADVANTECH\B19AK10AI23-10AI_KYSPI\BCM-949510AI013.mdb,50,220,50,220,50,220,0.254,0.2032,1100007318-04,GOOD,,2,
C315,119.153,135.199,105.758,-0.005,0,,2022/5/27,10:54:35,D:\ADVANTECH\B19AK10AI23-10AI_KYSPI\BCM-949510AI013.mdb,50,220,50,220,50,220,0.254,0.2032,1100007318-04,GOOD,,1,
C315,121.504,135.134,107.897,0.002,-0.002,,2022/5/27,10:54:35,D:\ADVANTECH\B19AK10AI23-10AI_KYSPI\BCM-949510AI013.mdb,50,220,50,220,50,220,0.254,0.2032,1100007318-04,GOOD,,2,
C316,120.015,131.503,109.517,0.008,-0.003,,2022/5/27,10:54:35,D:\ADVANTECH\B19AK10AI23-10AI_KYSPI\BCM-949510AI013.mdb,50,220,50,220,50,220,0.254,0.2032,1100007318-04,GOOD,,1,
C316,116.74,132.351,105.846,0.004,0.003,,2022/5/27,10:54:35,D:\ADVANTECH\B19AK10AI23-10AI_KYSPI\BCM-949510AI013.mdb,50,220,50,220,50,220,0.254,0.2032,1100007318-04,GOOD,,2,
C320,107.764,120.857,107,0,0.002,,2022/5/27,10:54:35,D:\ADVANTECH\B19AK10AI23-10AI_KYSPI\BCM-949510AI013.mdb,50,220,50,220,50,220,0.2032,0.254,1100007318-04,GOOD,,1,
C320,109.49,125.148,104.986,-0.004,-0.001,,2022/5/27,10:54:35,D:\ADVANTECH\B19AK10AI23-10AI_KYSPI\BCM-949510AI013.mdb,50,220,50,220,50,220,0.2032,0.254,1100007318-04,GOOD,,2,
C324,115.906,141.65,98.19,0.004,0.008,,2022/5/27,10:54:35,D:\ADVANTECH\B19AK10AI23-10AI_KYSPI\BCM-949510AI013.mdb,50,220,50,220,50,220,0.254,0.2032,1124422091-03,GOOD,,1,
C324,105.732,128.085,99.059,0.013,0.008,,2022/5/27,10:54:35,D:\ADVANTECH\B19AK10AI23-10AI_KYSPI\BCM-949510AI013.mdb,50,220,50,220,50,220,0.254,0.2032,1124422091-03,GOOD,,2,
C325,124.247,145.912,102.183,-0.006,0.004,,2022/5/27,10:54:35,D:\ADVANTECH\B19AK10AI23-10AI_KYSPI\BCM-949510AI013.mdb,50,220,50,220,50,220,0.3544,0.3252,1100000214-04,GOOD,,1,
C325,112.978,136.517,99.31,0.005,0.003,,2022/5/27,10:54:35,D:\ADVANTECH\B19AK10AI23-10AI_KYSPI\BCM-949510AI013.mdb,50,220,50,220,50,220,0.3544,0.3252,1100000214-04,GOOD,,2,
C333,117.498,137.806,102.316,0.004,-0.001,,2022/5/27,10:54:35,D:\ADVANTECH\B19AK10AI23-10AI_KYSPI\BCM-949510AI013.mdb,50,220,50,220,50,220,0.254,0.2032,1100010464-01,GOOD,,1,
C333,110.81,131.452,101.157,0,0.005,,2022/5/27,10:54:35,D:\ADVANTECH\B19AK10AI23-10AI_KYSPI\BCM-949510AI013.mdb,50,220,50,220,50,220,0.254,0.2032,1100010464-01,GOOD,,2,
C335,102.189,122.142,100.397,0.004,-0.006,,2022/5/27,10:54:35,D:\ADVANTECH\B19AK10AI23-10AI_KYSPI\BCM-949510AI013.mdb,50,220,50,220,50,220,1.016,1.3792,1100003785-01,GOOD,,1,
C335,110.909,131.382,101.301,0.007,-0.002,,2022/5/27,10:54:35,D:\ADVANTECH\B19AK10AI23-10AI_KYSPI\BCM-949510AI013.mdb,50,220,50,220,50,220,1.016,1.3792,1100003785-01,GOOD,,2,
C340,108.983,127.98,102.188,0,0.009,,2022/5/27,10:54:35,D:\ADVANTECH\B19AK10AI23-10AI_KYSPI\BCM-949510AI013.mdb,50,220,50,220,50,220,0.254,0.2032,1100010464-01,GOOD,,1,
C340,108.874,126.436,103.332,-0.002,0.009,,2022/5/27,10:54:35,D:\ADVANTECH\B19AK10AI23-10AI_KYSPI\BCM-949510AI013.mdb,50,220,50,220,50,220,0.254,0.2032,1100010464-01,GOOD,,2,
C341,107.238,128.953,99.793,-0.005,0.006,,2022/5/27,10:54:35,D:\ADVANTECH\B19AK10AI23-10AI_KYSPI\BCM-949510AI013.mdb,50,220,50,220,50,220,1.016,1.3792,1100003785-01,GOOD,,1,
C341,108.703,130.282,100.124,0.004,0.001,,2022/5/27,10:54:35,D:\ADVANTECH\B19AK10AI23-10AI_KYSPI\BCM-949510AI013.mdb,50,220,50,220,50,220,1.016,1.3792,1100003785-01,GOOD,,2,
C344,112.752,133.104,101.652,0,0.002,,2022/5/27,10:54:35,D:\ADVANTECH\B19AK10AI23-10AI_KYSPI\BCM-949510AI013.mdb,50,220,50,220,50,220,0.9552,0.5196,Y5S10AG016,GOOD,,1,
C344,116.611,137.411,101.835,-0.001,0,,2022/5/27,10:54:35,D:\ADVANTECH\B19AK10AI23-10AI_KYSPI\BCM-949510AI013.mdb,50,220,50,220,50,220,0.9552,0.5196,Y5S10AG016,GOOD,,2,
C345,116.184,136.625,102.046,0.003,0.004,,2022/5/27,10:54:35,D:\ADVANTECH\B19AK10AI23-10AI_KYSPI\BCM-949510AI013.mdb,50,220,50,220,50,220,0.9552,0.5196,Y5S10AG016,GOOD,,1,
C345,116.093,136.974,101.707,0.001,0.002,,2022/5/27,10:54:35,D:\ADVANTECH\B19AK10AI23-10AI_KYSPI\BCM-949510AI013.mdb,50,220,50,220,50,220,0.9552,0.5196,Y5S10AG016,GOOD,,2,
C346,109.68,128.909,102.1,-0.003,0.006,,2022/5/27,10:54:35,D:\ADVANTECH\B19AK10AI23-10AI_KYSPI\BCM-949510AI013.mdb,50,220,50,220,50,220,0.2032,0.254,1124433091-06,GOOD,,1,
C346,114.223,132.775,103.233,-0.003,0.003,,2022/5/27,10:54:35,D:\ADVANTECH\B19AK10AI23-10AI_KYSPI\BCM-949510AI013.mdb,50,220,50,220,50,220,0.2032,0.254,1124433091-06,GOOD,,2,
C348,117.635,136.038,103.766,0.006,0.001,,2022/5/27,10:54:35,D:\ADVANTECH\B19AK10AI23-10AI_KYSPI\BCM-949510AI013.mdb,50,220,50,220,50,220,0.2032,0.254,1100010464-01,GOOD,,1,
C348,118.317,137.65,103.146,0.006,0.004,,2022/5/27,10:54:35,D:\ADVANTECH\B19AK10AI23-10AI_KYSPI\BCM-949510AI013.mdb,50,220,50,220,50,220,0.2032,0.254,1100010464-01,GOOD,,2,
C351,111.497,130.411,102.596,-0.003,-0.001,,2022/5/27,10:54:35,D:\ADVANTECH\B19AK10AI23-10AI_KYSPI\BCM-949510AI013.mdb,50,220,50,220,50,220,0.2032,0.254,1100010464-01,GOOD,,1,
C351,112.812,131.399,103.025,-0.002,0.004,,2022/5/27,10:54:35,D:\ADVANTECH\B19AK10AI23-10AI_KYSPI\BCM-949510AI013.mdb,50,220,50,220,50,220,0.2032,0.254,1100010464-01,GOOD,,2,
C352,113.369,129.247,105.257,0.002,-0.002,,2022/5/27,10:54:35,D:\ADVANTECH\B19AK10AI23-10AI_KYSPI\BCM-949510AI013.mdb,50,220,50,220,50,220,0.2032,0.254,1100010464-01,GOOD,,1,
C352,118.135,137.878,102.817,0.003,0.003,,2022/5/27,10:54:35,D:\ADVANTECH\B19AK10AI23-10AI_KYSPI\BCM-949510AI013.mdb,50,220,50,220,50,220,0.2032,0.254,1100010464-01,GOOD,,2,
C353,111.502,127.618,104.846,0.004,0.004,,2022/5/27,10:54:35,D:\ADVANTECH\B19AK10AI23-10AI_KYSPI\BCM-949510AI013.mdb,50,220,50,220,50,220,0.2032,0.254,1100010464-01,GOOD,,1,
C353,114.092,130.316,105.06,0.004,-0.001,,2022/5/27,10:54:35,D:\ADVANTECH\B19AK10AI23-10AI_KYSPI\BCM-949510AI013.mdb,50,220,50,220,50,220,0.2032,0.254,1100010464-01,GOOD,,2,
C358,112.106,132.005,101.911,0.02,-0.004,,2022/5/27,10:54:35,D:\ADVANTECH\B19AK10AI23-10AI_KYSPI\BCM-949510AI013.mdb,50,220,50,220,50,220,0.2032,0.254,1100010464-01,GOOD,,1,
C358,110.714,128.63,103.286,0.02,-0.001,,2022/5/27,10:54:35,D:\ADVANTECH\B19AK10AI23-10AI_KYSPI\BCM-949510AI013.mdb,50,220,50,220,50,220,0.2032,0.254,1100010464-01,GOOD,,2,
C360,112.328,130.024,103.668,0.009,0.004,,2022/5/27,10:54:35,D:\ADVANTECH\B19AK10AI23-10AI_KYSPI\BCM-949510AI013.mdb,50,220,50,220,50,220,0.2032,0.254,1100007318-04,GOOD,,1,
C360,111.86,127.797,105.036,0.008,0.007,,2022/5/27,10:54:35,D:\ADVANTECH\B19AK10AI23-10AI_KYSPI\BCM-949510AI013.mdb,50,220,50,220,50,220,0.2032,0.254,1100007318-04,GOOD,,2,
C367,110.426,126.697,104.589,0.002,-0.008,,2022/5/27,10:54:35,D:\ADVANTECH\B19AK10AI23-10AI_KYSPI\BCM-949510AI013.mdb,50,220,50,220,50,220,0.254,0.2032,1100010464-01,GOOD,,1,
C367,117.361,131.896,106.776,0.011,-0.009,,2022/5/27,10:54:35,D:\ADVANTECH\B19AK10AI23-10AI_KYSPI\BCM-949510AI013.mdb,50,220,50,220,50,220,0.254,0.2032,1100010464-01,GOOD,,2,
C376,110.792,129.413,102.733,-0.003,0.006,,2022/5/27,10:54:35,D:\ADVANTECH\B19AK10AI23-10AI_KYSPI\BCM-949510AI013.mdb,50,220,50,220,50,220,0.5196,0.9552,Y5S10AI006,GOOD,,1,
C376,117.584,135.456,104.167,-0.001,-0.006,,2022/5/27,10:54:35,D:\ADVANTECH\B19AK10AI23-10AI_KYSPI\BCM-949510AI013.mdb,50,220,50,220,50,220,0.5196,0.9552,Y5S10AI006,GOOD,,2,
C378,116.225,131.383,106.155,0.003,-0.003,,2022/5/27,10:54:35,D:\ADVANTECH\B19AK10AI23-10AI_KYSPI\BCM-949510AI013.mdb,50,220,50,220,50,220,0.2032,0.254,1100010464-01,GOOD,,1,
C378,118.968,133.665,106.806,0.012,-0.001,,2022/5/27,10:54:35,D:\ADVANTECH\B19AK10AI23-10AI_KYSPI\BCM-949510AI013.mdb,50,220,50,220,50,220,0.2032,0.254,1100010464-01,GOOD,,2,
C379,113.379,128.022,106.275,0.001,-0.004,,2022/5/27,10:54:35,D:\ADVANTECH\B19AK10AI23-10AI_KYSPI\BCM-949510AI013.mdb,50,220,50,220,50,220,0.2032,0.254,1100010464-01,GOOD,,1,
C379,110.227,123.166,107.394,0.001,-0.001,,2022/5/27,10:54:35,D:\ADVANTECH\B19AK10AI23-10AI_KYSPI\BCM-949510AI013.mdb,50,220,50,220,50,220,0.2032,0.254,1100010464-01,GOOD,,2,
C380,110.991,126.735,105.092,0.007,-0.004,,2022/5/27,10:54:35,D:\ADVANTECH\B19AK10AI23-10AI_KYSPI\BCM-949510AI013.mdb,50,220,50,220,50,220,0.2032,0.254,1100007318-04,GOOD,,1,
C380,112.119,126.744,106.153,0.004,-0.002,,2022/5/27,10:54:35,D:\ADVANTECH\B19AK10AI23-10AI_KYSPI\BCM-949510AI013.mdb,50,220,50,220,50,220,0.2032,0.254,1100007318-04,GOOD,,2,
C381,110.256,126.072,104.946,0.008,-0.005,,2022/5/27,10:54:35,D:\ADVANTECH\B19AK10AI23-10AI_KYSPI\BCM-949510AI013.mdb,50,220,50,220,50,220,0.2032,0.254,1100007318-04,GOOD,,1,
C381,108.62,123.701,105.37,0.01,-0.002,,2022/5/27,10:54:35,D:\ADVANTECH\B19AK10AI23-10AI_KYSPI\BCM-949510AI013.mdb,50,220,50,220,50,220,0.2032,0.254,1100007318-04,GOOD,,2,
D3,119.218,136.697,104.656,0.023,-0.006,,2022/5/27,10:54:35,D:\ADVANTECH\B19AK10AI23-10AI_KYSPI\BCM-949510AI013.mdb,50,220,50,220,50,220,0.244,0.508,1300005919-01,GOOD,,1,
D3,114.67,130.9,105.122,0.011,-0.005,,2022/5/27,10:54:35,D:\ADVANTECH\B19AK10AI23-10AI_KYSPI\BCM-949510AI013.mdb,50,220,50,220,50,220,0.244,0.508,1300005919-01,GOOD,,2,
D3,117.607,137.53,102.616,0.009,-0.001,,2022/5/27,10:54:35,D:\ADVANTECH\B19AK10AI23-10AI_KYSPI\BCM-949510AI013.mdb,50,220,50,220,50,220,0.244,0.508,1300005919-01,GOOD,,3,
D9,114.991,136.349,101.203,-0.004,0.003,,2022/5/27,10:54:35,D:\ADVANTECH\B19AK10AI23-10AI_KYSPI\BCM-949510AI013.mdb,50,220,50,220,50,220,1.0972,0.9436,Y5S10A5172,GOOD,,1,
D9,114.441,135.701,101.199,0.002,-0.002,,2022/5/27,10:54:35,D:\ADVANTECH\B19AK10AI23-10AI_KYSPI\BCM-949510AI013.mdb,50,220,50,220,50,220,1.0972,0.9436,Y5S10A5172,GOOD,,2,
D12,119.801,140.98,101.973,0,-0.001,,2022/5/27,10:54:35,D:\ADVANTECH\B19AK10AI23-10AI_KYSPI\BCM-949510AI013.mdb,50,220,50,220,50,220,1.0972,0.9436,Y5S10A5172,GOOD,,1,
D12,109.013,130.478,100.259,-0.004,-0.001,,2022/5/27,10:54:35,D:\ADVANTECH\B19AK10AI23-10AI_KYSPI\BCM-949510AI013.mdb,50,220,50,220,50,220,1.0972,0.9436,Y5S10A5172,GOOD,,2,
D23,114.748,135.616,101.535,0.002,-0.006,,2022/5/27,10:54:35,D:\ADVANTECH\B19AK10AI23-10AI_KYSPI\BCM-949510AI013.mdb,50,220,50,220,50,220,1.0972,0.9436,Y5S10A5172,GOOD,,1,
D23,111.502,133.018,100.589,0,-0.004,,2022/5/27,10:54:35,D:\ADVANTECH\B19AK10AI23-10AI_KYSPI\BCM-949510AI013.mdb,50,220,50,220,50,220,1.0972,0.9436,Y5S10A5172,GOOD,,2,
D26,113.484,134.307,101.395,0.002,0.001,,2022/5/27,10:54:35,D:\ADVANTECH\B19AK10AI23-10AI_KYSPI\BCM-949510AI013.mdb,50,220,50,220,50,220,1.0972,0.9436,Y5S10A5172,GOOD,,1,
D26,112.025,132.997,101.078,-0.001,0.002,,2022/5/27,10:54:35,D:\ADVANTECH\B19AK10AI23-10AI_KYSPI\BCM-949510AI013.mdb,50,220,50,220,50,220,1.0972,0.9436,Y5S10A5172,GOOD,,2,
D35,117.545,136.082,103.654,0.003,0,,2022/5/27,10:54:35,D:\ADVANTECH\B19AK10AI23-10AI_KYSPI\BCM-949510AI013.mdb,50,220,50,220,50,220,0.588,0.4064,Y5S10AG007,GOOD,,1,
D35,126.932,145.41,104.751,0.009,0.002,,2022/5/27,10:54:35,D:\ADVANTECH\B19AK10AI23-10AI_KYSPI\BCM-949510AI013.mdb,50,220,50,220,50,220,0.588,0.4064,Y5S10AG007,GOOD,,2,
D58,121.424,135.948,107.18,0.003,0.001,,2022/5/27,10:54:35,D:\ADVANTECH\B19AK10AI23-10AI_KYSPI\BCM-949510AI013.mdb,50,220,50,220,50,220,0.2844,0.2032,Y5S10AH008,GOOD,,1,
D58,121.38,136.255,106.9,0,0.005,,2022/5/27,10:54:35,D:\ADVANTECH\B19AK10AI23-10AI_KYSPI\BCM-949510AI013.mdb,50,220,50,220,50,220,0.2844,0.2032,Y5S10AH008,GOOD,,2,
D58,114.468,131.78,104.235,0.006,-0.005,,2022/5/27,10:54:35,D:\ADVANTECH\B19AK10AI23-10AI_KYSPI\BCM-949510AI013.mdb,50,220,50,220,50,220,0.2844,0.2032,Y5S10AH008,GOOD,,3,
D59,121.658,135.282,107.914,0.005,-0.007,,2022/5/27,10:54:35,D:\ADVANTECH\B19AK10AI23-10AI_KYSPI\BCM-949510AI013.mdb,50,220,50,220,50,220,0.2844,0.2032,Y5S10AH008,GOOD,,1,
D59,125.019,138.484,108.333,0.005,-0.003,,2022/5/27,10:54:35,D:\ADVANTECH\B19AK10AI23-10AI_KYSPI\BCM-949510AI013.mdb,50,220,50,220,50,220,0.2844,0.2032,Y5S10AH008,GOOD,,2,
D59,113.567,131.444,103.68,0.007,0.002,,2022/5/27,10:54:35,D:\ADVANTECH\B19AK10AI23-10AI_KYSPI\BCM-949510AI013.mdb,50,220,50,220,50,220,0.2844,0.2032,Y5S10AH008,GOOD,,3,
D60,125.656,136.596,110.389,0.005,-0.007,,2022/5/27,10:54:35,D:\ADVANTECH\B19AK10AI23-10AI_KYSPI\BCM-949510AI013.mdb,50,220,50,220,50,220,0.2844,0.2032,Y5S10AH008,GOOD,,1,
D60,125.606,137.906,109.298,0.006,-0.003,,2022/5/27,10:54:35,D:\ADVANTECH\B19AK10AI23-10AI_KYSPI\BCM-949510AI013.mdb,50,220,50,220,50,220,0.2844,0.2032,Y5S10AH008,GOOD,,2,
D60,115.003,131.736,104.758,0.012,0.002,,2022/5/27,10:54:35,D:\ADVANTECH\B19AK10AI23-10AI_KYSPI\BCM-949510AI013.mdb,50,220,50,220,50,220,0.2844,0.2032,Y5S10AH008,GOOD,,3,
D61,121.034,136.468,106.428,0.005,-0.004,,2022/5/27,10:54:35,D:\ADVANTECH\B19AK10AI23-10AI_KYSPI\BCM-949510AI013.mdb,50,220,50,220,50,220,0.2844,0.2032,Y5S10AH008,GOOD,,1,
D61,122.215,134.386,109.132,0.007,0,,2022/5/27,10:54:35,D:\ADVANTECH\B19AK10AI23-10AI_KYSPI\BCM-949510AI013.mdb,50,220,50,220,50,220,0.2844,0.2032,Y5S10AH008,GOOD,,2,
D61,116.522,132.778,105.308,0.015,0.005,,2022/5/27,10:54:35,D:\ADVANTECH\B19AK10AI23-10AI_KYSPI\BCM-949510AI013.mdb,50,220,50,220,50,220,0.2844,0.2032,Y5S10AH008,GOOD,,3,
F3,113.109,132.82,102.192,0,-0.003,,2022/5/27,10:54:35,D:\ADVANTECH\B19AK10AI23-10AI_KYSPI\BCM-949510AI013.mdb,50,220,50,220,50,220,0.8712,1.26,Y5S10AG006,GOOD,,1,
F3,109.65,129.82,101.356,-0.002,-0.005,,2022/5/27,10:54:35,D:\ADVANTECH\B19AK10AI23-10AI_KYSPI\BCM-949510AI013.mdb,50,220,50,220,50,220,0.8712,1.26,Y5S10AG006,GOOD,,2,
F4,111.814,131.419,102.099,0.007,0.005,,2022/5/27,10:54:35,D:\ADVANTECH\B19AK10AI23-10AI_KYSPI\BCM-949510AI013.mdb,50,220,50,220,50,220,0.8712,1.26,Y5S10AG006,GOOD,,1,
F4,112.56,133.007,101.553,0.004,0.002,,2022/5/27,10:54:35,D:\ADVANTECH\B19AK10AI23-10AI_KYSPI\BCM-949510AI013.mdb,50,220,50,220,50,220,0.8712,1.26,Y5S10AG006,GOOD,,2,
F5,112.615,132.594,101.918,0.004,-0.007,,2022/5/27,10:54:35,D:\ADVANTECH\B19AK10AI23-10AI_KYSPI\BCM-949510AI013.mdb,50,220,50,220,50,220,0.8712,1.26,Y5S10AG006,GOOD,,1,
F5,109.333,128.974,101.726,0.001,-0.01,,2022/5/27,10:54:35,D:\ADVANTECH\B19AK10AI23-10AI_KYSPI\BCM-949510AI013.mdb,50,220,50,220,50,220,0.8712,1.26,Y5S10AG006,GOOD,,2,
F6,112.524,132.26,102.093,0.002,-0.009,,2022/5/27,10:54:35,D:\ADVANTECH\B19AK10AI23-10AI_KYSPI\BCM-949510AI013.mdb,50,220,50,220,50,220,0.8712,1.26,Y5S10AG006,GOOD,,1,
F6,108.299,128.144,101.417,-0.001,-0.012,,2022/5/27,10:54:35,D:\ADVANTECH\B19AK10AI23-10AI_KYSPI\BCM-949510AI013.mdb,50,220,50,220,50,220,0.8712,1.26,Y5S10AG006,GOOD,,2,
F8,113.832,134.011,101.931,0.006,0.002,,2022/5/27,10:54:35,D:\ADVANTECH\B19AK10AI23-10AI_KYSPI\BCM-949510AI013.mdb,50,220,50,220,50,220,0.8712,1.26,Y5S10AG006,GOOD,,1,
F8,108.944,128.366,101.844,0.003,-0.001,,2022/5/27,10:54:35,D:\ADVANTECH\B19AK10AI23-10AI_KYSPI\BCM-949510AI013.mdb,50,220,50,220,50,220,0.8712,1.26,Y5S10AG006,GOOD,,2,
F9,112.094,132.138,101.797,0.008,0.003,,2022/5/27,10:54:35,D:\ADVANTECH\B19AK10AI23-10AI_KYSPI\BCM-949510AI013.mdb,50,220,50,220,50,220,0.8712,1.26,Y5S10AG006,GOOD,,1,
F9,108.803,128.635,101.499,0.004,0,,2022/5/27,10:54:35,D:\ADVANTECH\B19AK10AI23-10AI_KYSPI\BCM-949510AI013.mdb,50,220,50,220,50,220,0.8712,1.26,Y5S10AG006,GOOD,,2,
F10,115.654,135.52,102.409,-0.009,-0.007,,2022/5/27,10:54:35,D:\ADVANTECH\B19AK10AI23-10AI_KYSPI\BCM-949510AI013.mdb,50,220,50,220,50,220,0.8712,1.26,Y5S10AG006,GOOD,,1,
F10,109.612,129.286,101.739,-0.005,-0.01,,2022/5/27,10:54:35,D:\ADVANTECH\B19AK10AI23-10AI_KYSPI\BCM-949510AI013.mdb,50,220,50,220,50,220,0.8712,1.26,Y5S10AG006,GOOD,,2,
F11,109.734,129.177,101.938,-0.007,-0.005,,2022/5/27,10:54:35,D:\ADVANTECH\B19AK10AI23-10AI_KYSPI\BCM-949510AI013.mdb,50,220,50,220,50,220,0.8712,1.26,Y5S10AG006,GOOD,,1,
F11,110.111,130.229,101.462,-0.003,-0.008,,2022/5/27,10:54:35,D:\ADVANTECH\B19AK10AI23-10AI_KYSPI\BCM-949510AI013.mdb,50,220,50,220,50,220,0.8712,1.26,Y5S10AG006,GOOD,,2,
FB2,114.191,132.875,103.126,0.006,-0.002,,2022/5/27,10:54:35,D:\ADVANTECH\B19AK10AI23-10AI_KYSPI\BCM-949510AI013.mdb,50,220,50,220,50,220,0.4188,0.508,1212003703-10A4,GOOD,,1,
FB2,120.725,137.323,105.496,-0.003,-0.001,,2022/5/27,10:54:35,D:\ADVANTECH\B19AK10AI23-10AI_KYSPI\BCM-949510AI013.mdb,50,220,50,220,50,220,0.4188,0.508,1212003703-10A4,GOOD,,2,
FB4,115.849,133.482,104.148,0.008,0.008,,2022/5/27,10:54:35,D:\ADVANTECH\B19AK10AI23-10AI_KYSPI\BCM-949510AI013.mdb,50,220,50,220,50,220,0.508,0.4188,1212003703-10A4,GOOD,,1,
FB4,115.084,133.533,103.42,-0.004,-0.007,,2022/5/27,10:54:35,D:\ADVANTECH\B19AK10AI23-10AI_KYSPI\BCM-949510AI013.mdb,50,220,50,220,50,220,0.508,0.4188,1212003703-10A4,GOOD,,2,
FB6,116.753,133.84,104.68,0.004,0.009,,2022/5/27,10:54:35,D:\ADVANTECH\B19AK10AI23-10AI_KYSPI\BCM-949510AI013.mdb,50,220,50,220,50,220,0.508,0.4188,1212003703-10A4,GOOD,,1,
FB6,113.995,132.438,103.289,-0.001,-0.006,,2022/5/27,10:54:35,D:\ADVANTECH\B19AK10AI23-10AI_KYSPI\BCM-949510AI013.mdb,50,220,50,220,50,220,0.508,0.4188,1212003703-10A4,GOOD,,2,
FB7,124.444,139.895,106.747,0.016,-0.004,,2022/5/27,10:54:35,D:\ADVANTECH\B19AK10AI23-10AI_KYSPI\BCM-949510AI013.mdb,50,220,50,220,50,220,0.4188,0.508,1212003703-10A4,GOOD,,1,
FB7,121.956,139.765,104.71,0.006,-0.003,,2022/5/27,10:54:35,D:\ADVANTECH\B19AK10AI23-10AI_KYSPI\BCM-949510AI013.mdb,50,220,50,220,50,220,0.4188,0.508,1212003703-10A4,GOOD,,2,
FB8,124.264,138.95,107.317,0.018,-0.004,,2022/5/27,10:54:35,D:\ADVANTECH\B19AK10AI23-10AI_KYSPI\BCM-949510AI013.mdb,50,220,50,220,50,220,0.4188,0.508,1212003703-10A4,GOOD,,1,
FB8,119.589,135.802,105.674,0.005,-0.003,,2022/5/27,10:54:35,D:\ADVANTECH\B19AK10AI23-10AI_KYSPI\BCM-949510AI013.mdb,50,220,50,220,50,220,0.4188,0.508,1212003703-10A4,GOOD,,2,
FB87,111.352,129.825,102.925,0.005,-0.004,,2022/5/27,10:54:35,D:\ADVANTECH\B19AK10AI23-10AI_KYSPI\BCM-949510AI013.mdb,50,220,50,220,50,220,0.4188,0.508,1212003703-10A4,GOOD,,1,
FB87,113.776,130.729,104.439,0.004,-0.003,,2022/5/27,10:54:35,D:\ADVANTECH\B19AK10AI23-10AI_KYSPI\BCM-949510AI013.mdb,50,220,50,220,50,220,0.4188,0.508,1212003703-10A4,GOOD,,2,
FB105,121.723,140.032,104.311,0.015,-0.003,,2022/5/27,10:54:35,D:\ADVANTECH\B19AK10AI23-10AI_KYSPI\BCM-949510AI013.mdb,50,220,50,220,50,220,0.3048,0.254,Y5S10AG018,GOOD,,1,
FB105,125.46,140.934,106.825,0.011,-0.004,,2022/5/27,10:54:35,D:\ADVANTECH\B19AK10AI23-10AI_KYSPI\BCM-949510AI013.mdb,50,220,50,220,50,220,0.3048,0.254,Y5S10AG018,GOOD,,2,
FB106,117.24,135.254,104.018,0.013,0.001,,2022/5/27,10:54:35,D:\ADVANTECH\B19AK10AI23-10AI_KYSPI\BCM-949510AI013.mdb,50,220,50,220,50,220,0.3048,0.254,Y5S10AG018,GOOD,,1,
FB106,121.055,135.002,107.603,0.006,0.001,,2022/5/27,10:54:35,D:\ADVANTECH\B19AK10AI23-10AI_KYSPI\BCM-949510AI013.mdb,50,220,50,220,50,220,0.3048,0.254,Y5S10AG018,GOOD,,2,
FB111,119.618,139.434,102.946,0.012,-0.007,,2022/5/27,10:54:35,D:\ADVANTECH\B19AK10AI23-10AI_KYSPI\BCM-949510AI013.mdb,50,220,50,220,50,220,0.3048,0.254,Y5S10AG018,GOOD,,1,
FB111,122.933,139.08,106.068,0.012,-0.008,,2022/5/27,10:54:35,D:\ADVANTECH\B19AK10AI23-10AI_KYSPI\BCM-949510AI013.mdb,50,220,50,220,50,220,0.3048,0.254,Y5S10AG018,GOOD,,2,
LD1,119.394,140.13,102.243,0.006,0.001,,2022/5/27,10:54:35,D:\ADVANTECH\B19AK10AI23-10AI_KYSPI\BCM-949510AI013.mdb,50,220,50,220,50,220,0.4048,0.3248,Y5S10A3012,GOOD,,1,
LD1,124.644,138.093,108.312,-0.006,0.002,,2022/5/27,10:54:35,D:\ADVANTECH\B19AK10AI23-10AI_KYSPI\BCM-949510AI013.mdb,50,220,50,220,50,220,0.4048,0.3248,Y5S10A3012,GOOD,,2,
LD2,116.822,136.21,102.919,0.001,-0.009,,2022/5/27,10:54:35,D:\ADVANTECH\B19AK10AI23-10AI_KYSPI\BCM-949510AI013.mdb,50,220,50,220,50,220,0.4048,0.3248,Y5S10A3012,GOOD,,1,
LD2,123.526,138.987,106.651,0,-0.009,,2022/5/27,10:54:35,D:\ADVANTECH\B19AK10AI23-10AI_KYSPI\BCM-949510AI013.mdb,50,220,50,220,50,220,0.4048,0.3248,Y5S10A3012,GOOD,,2,
LD3,114.922,134.568,102.481,0,-0.004,,2022/5/27,10:54:35,D:\ADVANTECH\B19AK10AI23-10AI_KYSPI\BCM-949510AI013.mdb,50,220,50,220,50,220,0.4048,0.3248,Y5S10A3012,GOOD,,1,
LD3,118.579,135.355,105.127,0.002,-0.004,,2022/5/27,10:54:35,D:\ADVANTECH\B19AK10AI23-10AI_KYSPI\BCM-949510AI013.mdb,50,220,50,220,50,220,0.4048,0.3248,Y5S10A3012,GOOD,,2,
LD4,120.043,139.508,103.257,0.001,0,,2022/5/27,10:54:35,D:\ADVANTECH\B19AK10AI23-10AI_KYSPI\BCM-949510AI013.mdb,50,220,50,220,50,220,0.4048,0.3248,Y5S10A3012,GOOD,,1,
LD4,127.401,141.35,108.158,0.004,0.001,,2022/5/27,10:54:35,D:\ADVANTECH\B19AK10AI23-10AI_KYSPI\BCM-949510AI013.mdb,50,220,50,220,50,220,0.4048,0.3248,Y5S10A3012,GOOD,,2,
LD5,116.356,136.566,102.241,0.003,-0.003,,2022/5/27,10:54:35,D:\ADVANTECH\B19AK10AI23-10AI_KYSPI\BCM-949510AI013.mdb,50,220,50,220,50,220,0.4048,0.3248,Y5S10A3012,GOOD,,1,
LD5,126.711,142.569,106.652,0.006,-0.002,,2022/5/27,10:54:35,D:\ADVANTECH\B19AK10AI23-10AI_KYSPI\BCM-949510AI013.mdb,50,220,50,220,50,220,0.4048,0.3248,Y5S10A3012,GOOD,,2,
LD6,117.041,136.505,102.89,0.005,-0.006,,2022/5/27,10:54:35,D:\ADVANTECH\B19AK10AI23-10AI_KYSPI\BCM-949510AI013.mdb,50,220,50,220,50,220,0.4048,0.3248,Y5S10A3012,GOOD,,1,
LD6,124.152,138.583,107.504,0.008,-0.005,,2022/5/27,10:54:35,D:\ADVANTECH\B19AK10AI23-10AI_KYSPI\BCM-949510AI013.mdb,50,220,50,220,50,220,0.4048,0.3248,Y5S10A3012,GOOD,,2,
LD7,113.886,134.717,101.445,-0.003,0.005,,2022/5/27,10:54:35,D:\ADVANTECH\B19AK10AI23-10AI_KYSPI\BCM-949510AI013.mdb,50,220,50,220,50,220,0.4048,0.3248,Y5S10A3012,GOOD,,1,
LD7,118.859,135.405,105.337,-0.008,0.007,,2022/5/27,10:54:35,D:\ADVANTECH\B19AK10AI23-10AI_KYSPI\BCM-949510AI013.mdb,50,220,50,220,50,220,0.4048,0.3248,Y5S10A3012,GOOD,,2,
LD8,108.612,130.724,99.702,0,0.003,,2022/5/27,10:54:35,D:\ADVANTECH\B19AK10AI23-10AI_KYSPI\BCM-949510AI013.mdb,50,220,50,220,50,220,0.4048,0.3248,Y5S10A3012,GOOD,,1,
LD8,118.193,135.384,104.763,-0.005,0.004,,2022/5/27,10:54:35,D:\ADVANTECH\B19AK10AI23-10AI_KYSPI\BCM-949510AI013.mdb,50,220,50,220,50,220,0.4048,0.3248,Y5S10A3012,GOOD,,2,
LD9,111.671,134.328,99.759,0.002,0.008,,2022/5/27,10:54:35,D:\ADVANTECH\B19AK10AI23-10AI_KYSPI\BCM-949510AI013.mdb,50,220,50,220,50,220,0.4048,0.3248,Y5S10A3012,GOOD,,1,
LD9,120.223,137.898,104.619,-0.003,0.009,,2022/5/27,10:54:35,D:\ADVANTECH\B19AK10AI23-10AI_KYSPI\BCM-949510AI013.mdb,50,220,50,220,50,220,0.4048,0.3248,Y5S10A3012,GOOD,,2,
LD10,115.67,135.567,102.388,0.011,-0.003,,2022/5/27,10:54:35,D:\ADVANTECH\B19AK10AI23-10AI_KYSPI\BCM-949510AI013.mdb,50,220,50,220,50,220,0.4048,0.3248,Y5S10A3012,GOOD,,1,
LD10,122.266,139.623,105.083,-0.002,-0.002,,2022/5/27,10:54:35,D:\ADVANTECH\B19AK10AI23-10AI_KYSPI\BCM-949510AI013.mdb,50,220,50,220,50,220,0.4048,0.3248,Y5S10A3012,GOOD,,2,
LD11,109.376,129.09,101.674,0,0.002,,2022/5/27,10:54:35,D:\ADVANTECH\B19AK10AI23-10AI_KYSPI\BCM-949510AI013.mdb,50,220,50,220,50,220,0.4048,0.3248,Y5S10A3012,GOOD,,1,
LD11,113.755,131.277,103.984,-0.002,0.003,,2022/5/27,10:54:35,D:\ADVANTECH\B19AK10AI23-10AI_KYSPI\BCM-949510AI013.mdb,50,220,50,220,50,220,0.4048,0.3248,Y5S10A3012,GOOD,,2,
LD12,111.169,130.82,101.974,0.006,0.007,,2022/5/27,10:54:35,D:\ADVANTECH\B19AK10AI23-10AI_KYSPI\BCM-949510AI013.mdb,50,220,50,220,50,220,0.4048,0.3248,Y5S10A3012,GOOD,,1,
LD12,122.738,136.892,107.593,0.001,0.008,,2022/5/27,10:54:35,D:\ADVANTECH\B19AK10AI23-10AI_KYSPI\BCM-949510AI013.mdb,50,220,50,220,50,220,0.4048,0.3248,Y5S10A3012,GOOD,,2,
LD13,116.847,135.199,103.712,0.007,0.005,,2022/5/27,10:54:35,D:\ADVANTECH\B19AK10AI23-10AI_KYSPI\BCM-949510AI013.mdb,50,220,50,220,50,220,0.4048,0.3248,Y5S10A3012,GOOD,,1,
LD13,116.261,131.841,105.819,0.003,0.006,,2022/5/27,10:54:35,D:\ADVANTECH\B19AK10AI23-10AI_KYSPI\BCM-949510AI013.mdb,50,220,50,220,50,220,0.4048,0.3248,Y5S10A3012,GOOD,,2,
LD14,117.252,136.925,102.759,0.009,0.007,,2022/5/27,10:54:35,D:\ADVANTECH\B19AK10AI23-10AI_KYSPI\BCM-949510AI013.mdb,50,220,50,220,50,220,0.4048,0.3248,Y5S10A4055,GOOD,,1,
LD14,118.67,134.56,105.829,0.001,0.008,,2022/5/27,10:54:35,D:\ADVANTECH\B19AK10AI23-10AI_KYSPI\BCM-949510AI013.mdb,50,220,50,220,50,220,0.4048,0.3248,Y5S10A4055,GOOD,,2,
LD15,119.953,140.868,102.184,0.006,0.001,,2022/5/27,10:54:35,D:\ADVANTECH\B19AK10AI23-10AI_KYSPI\BCM-949510AI013.mdb,50,220,50,220,50,220,0.4048,0.3248,Y5S10A3012,GOOD,,1,
LD15,119.454,136.152,105.283,0.001,0.002,,2022/5/27,10:54:35,D:\ADVANTECH\B19AK10AI23-10AI_KYSPI\BCM-949510AI013.mdb,50,220,50,220,50,220,0.4048,0.3248,Y5S10A3012,GOOD,,2,
LD16,114.711,133.976,102.745,0.008,0.006,,2022/5/27,10:54:35,D:\ADVANTECH\B19AK10AI23-10AI_KYSPI\BCM-949510AI013.mdb,50,220,50,220,50,220,0.4048,0.3248,Y5S10A3012,GOOD,,1,
LD16,122.993,137.381,107.432,0.003,0.006,,2022/5/27,10:54:35,D:\ADVANTECH\B19AK10AI23-10AI_KYSPI\BCM-949510AI013.mdb,50,220,50,220,50,220,0.4048,0.3248,Y5S10A3012,GOOD,,2,
LD17,123.275,142.715,103.654,0.006,0.006,,2022/5/27,10:54:35,D:\ADVANTECH\B19AK10AI23-10AI_KYSPI\BCM-949510AI013.mdb,50,220,50,220,50,220,0.4048,0.3248,Y5S10A3012,GOOD,,1,
LD17,128.453,141.492,108.941,-0.005,0.007,,2022/5/27,10:54:35,D:\ADVANTECH\B19AK10AI23-10AI_KYSPI\BCM-949510AI013.mdb,50,220,50,220,50,220,0.4048,0.3248,Y5S10A3012,GOOD,,2,
LD18,119.958,140.452,102.49,0.003,0.003,,2022/5/27,10:54:35,D:\ADVANTECH\B19AK10AI23-10AI_KYSPI\BCM-949510AI013.mdb,50,220,50,220,50,220,0.4048,0.3248,Y5S10A3012,GOOD,,1,
LD18,125.21,140.263,107.122,-0.002,0.004,,2022/5/27,10:54:35,D:\ADVANTECH\B19AK10AI23-10AI_KYSPI\BCM-949510AI013.mdb,50,220,50,220,50,220,0.4048,0.3248,Y5S10A3012,GOOD,,2,
LD20,125.639,145.847,103.373,0.008,0.003,,2022/5/27,10:54:35,D:\ADVANTECH\B19AK10AI23-10AI_KYSPI\BCM-949510AI013.mdb,50,220,50,220,50,220,0.4048,0.3248,Y5S10A3012,GOOD,,1,
LD20,129.271,145.739,106.44,0.003,0.004,,2022/5/27,10:54:35,D:\ADVANTECH\B19AK10AI23-10AI_KYSPI\BCM-949510AI013.mdb,50,220,50,220,50,220,0.4048,0.3248,Y5S10A3012,GOOD,,2,
LD21,118.164,136.643,103.771,0.007,0.001,,2022/5/27,10:54:35,D:\ADVANTECH\B19AK10AI23-10AI_KYSPI\BCM-949510AI013.mdb,50,220,50,220,50,220,0.4048,0.3248,Y5S10A3012,GOOD,,1,
LD21,123.084,138.149,106.914,0.006,0.002,,2022/5/27,10:54:35,D:\ADVANTECH\B19AK10AI23-10AI_KYSPI\BCM-949510AI013.mdb,50,220,50,220,50,220,0.4048,0.3248,Y5S10A3012,GOOD,,2,
PL2,116.223,125.013,111.563,0,-0.003,,2022/5/27,10:54:35,D:\ADVANTECH\B19AK10AI23-10AI_KYSPI\BCM-949510AI013.mdb,50,220,50,220,50,220,0.1624,0.3656,1212309007,GOOD,,1,
PL2,123.708,133.551,111.156,0.002,-0.001,,2022/5/27,10:54:35,D:\ADVANTECH\B19AK10AI23-10AI_KYSPI\BCM-949510AI013.mdb,50,220,50,220,50,220,0.1624,0.3656,1212309007,GOOD,,2,
PL2,122.174,129.509,113.203,0,-0.001,,2022/5/27,10:54:35,D:\ADVANTECH\B19AK10AI23-10AI_KYSPI\BCM-949510AI013.mdb,50,220,50,220,50,220,0.1624,0.3656,1212309007,GOOD,,3,
PL2,119.276,126.1,113.506,-0.005,-0.003,,2022/5/27,10:54:35,D:\ADVANTECH\B19AK10AI23-10AI_KYSPI\BCM-949510AI013.mdb,50,220,50,220,50,220,0.1624,0.3656,1212309007,GOOD,,4,
Q4,130.421,151.742,103.139,0.001,0.004,,2022/5/27,10:54:35,D:\ADVANTECH\B19AK10AI23-10AI_KYSPI\BCM-949510AI013.mdb,50,220,50,220,50,220,0.7112,0.3048,Y5S10A5232,GOOD,,1,
Q4,127.437,148.599,102.91,0.004,-0.001,,2022/5/27,10:54:35,D:\ADVANTECH\B19AK10AI23-10AI_KYSPI\BCM-949510AI013.mdb,50,220,50,220,50,220,0.7112,0.3048,Y5S10A5232,GOOD,,2,
Q4,129.784,150.127,103.739,0.005,-0.007,,2022/5/27,10:54:35,D:\ADVANTECH\B19AK10AI23-10AI_KYSPI\BCM-949510AI013.mdb,50,220,50,220,50,220,0.7112,0.3048,Y5S10A5232,GOOD,,3,
Q4,132.336,153.099,103.726,0.002,0.006,,2022/5/27,10:54:35,D:\ADVANTECH\B19AK10AI23-10AI_KYSPI\BCM-949510AI013.mdb,50,220,50,220,50,220,0.7112,0.3048,Y5S10A5232,GOOD,,4,
Q5,131.786,153.415,103.082,0.001,0.006,,2022/5/27,10:54:35,D:\ADVANTECH\B19AK10AI23-10AI_KYSPI\BCM-949510AI013.mdb,50,220,50,220,50,220,0.7112,0.3048,Y5S10A5232,GOOD,,1,
Q5,130.756,154.507,101.554,-0.002,0.008,,2022/5/27,10:54:35,D:\ADVANTECH\B19AK10AI23-10AI_KYSPI\BCM-949510AI013.mdb,50,220,50,220,50,220,0.7112,0.3048,Y5S10A5232,GOOD,,2,
Q5,128.98,150.923,102.553,-0.002,0.003,,2022/5/27,10:54:35,D:\ADVANTECH\B19AK10AI23-10AI_KYSPI\BCM-949510AI013.mdb,50,220,50,220,50,220,0.7112,0.3048,Y5S10A5232,GOOD,,3,
Q5,130.837,152.681,102.832,0.004,0.008,,2022/5/27,10:54:35,D:\ADVANTECH\B19AK10AI23-10AI_KYSPI\BCM-949510AI013.mdb,50,220,50,220,50,220,0.7112,0.3048,Y5S10A5232,GOOD,,4,
Q7,125.944,146.747,102.988,0.003,0.003,,2022/5/27,10:54:35,D:\ADVANTECH\B19AK10AI23-10AI_KYSPI\BCM-949510AI013.mdb,50,220,50,220,50,220,0.508,0.3252,1315700210-02,GOOD,,1,
Q7,120.257,139.27,103.618,0.002,0.006,,2022/5/27,10:54:35,D:\ADVANTECH\B19AK10AI23-10AI_KYSPI\BCM-949510AI013.mdb,50,220,50,220,50,220,0.508,0.3252,1315700210-02,GOOD,,2,
Q7,123.923,142.918,104.051,0.005,0.009,,2022/5/27,10:54:35,D:\ADVANTECH\B19AK10AI23-10AI_KYSPI\BCM-949510AI013.mdb,50,220,50,220,50,220,0.508,0.3252,1315700210-02,GOOD,,3,
Q10,124.255,144.728,103.025,0.005,0,,2022/5/27,10:54:35,D:\ADVANTECH\B19AK10AI23-10AI_KYSPI\BCM-949510AI013.mdb,50,220,50,220,50,220,0.508,0.3252,1315700210-02,GOOD,,1,
Q10,121.637,140.709,103.735,0.005,-0.002,,2022/5/27,10:54:35,D:\ADVANTECH\B19AK10AI23-10AI_KYSPI\BCM-949510AI013.mdb,50,220,50,220,50,220,0.508,0.3252,1315700210-02,GOOD,,2,
Q10,123.953,144.387,103.017,0.006,-0.006,,2022/5/27,10:54:35,D:\ADVANTECH\B19AK10AI23-10AI_KYSPI\BCM-949510AI013.mdb,50,220,50,220,50,220,0.508,0.3252,1315700210-02,GOOD,,3,
R6,111.832,132.07,101.611,0.002,-0.002,,2022/5/27,10:54:35,D:\ADVANTECH\B19AK10AI23-10AI_KYSPI\BCM-949510AI013.mdb,50,220,50,220,50,220,0.254,0.2032,105A50103A,GOOD,,1,
R6,113.628,128.408,106.187,-0.005,-0.002,,2022/5/27,10:54:35,D:\ADVANTECH\B19AK10AI23-10AI_KYSPI\BCM-949510AI013.mdb,50,220,50,220,50,220,0.254,0.2032,105A50103A,GOOD,,2,
R7,118.701,135.921,104.797,0.013,-0.002,,2022/5/27,10:54:35,D:\ADVANTECH\B19AK10AI23-10AI_KYSPI\BCM-949510AI013.mdb,50,220,50,220,50,220,0.2032,0.254,1000008901,GOOD,,1,
R7,116.392,131.635,106.104,0.013,0,,2022/5/27,10:54:35,D:\ADVANTECH\B19AK10AI23-10AI_KYSPI\BCM-949510AI013.mdb,50,220,50,220,50,220,0.2032,0.254,1000008901,GOOD,,2,
R8,116.25,132.37,105.387,0.006,-0.002,,2022/5/27,10:54:35,D:\ADVANTECH\B19AK10AI23-10AI_KYSPI\BCM-949510AI013.mdb,50,220,50,220,50,220,0.2032,0.254,1000003470,GOOD,,1,
R8,124.605,142.905,104.633,0.003,0.002,,2022/5/27,10:54:35,D:\ADVANTECH\B19AK10AI23-10AI_KYSPI\BCM-949510AI013.mdb,50,220,50,220,50,220,0.2032,0.254,1000003470,GOOD,,2,
R10,117.698,135.696,104.084,0.001,0.002,,2022/5/27,10:54:35,D:\ADVANTECH\B19AK10AI23-10AI_KYSPI\BCM-949510AI013.mdb,50,220,50,220,50,220,0.2032,0.254,105A515014,GOOD,,1,
R10,121.972,136.128,107.521,0.006,0.005,,2022/5/27,10:54:35,D:\ADVANTECH\B19AK10AI23-10AI_KYSPI\BCM-949510AI013.mdb,50,220,50,220,50,220,0.2032,0.254,105A515014,GOOD,,2,
R13,113.833,129.394,105.569,0.005,0,,2022/5/27,10:54:35,D:\ADVANTECH\B19AK10AI23-10AI_KYSPI\BCM-949510AI013.mdb,50,220,50,220,50,220,0.2032,0.254,1000002016,GOOD,,1,
R13,113.131,129.987,104.439,0.003,0.005,,2022/5/27,10:54:35,D:\ADVANTECH\B19AK10AI23-10AI_KYSPI\BCM-949510AI013.mdb,50,220,50,220,50,220,0.2032,0.254,1000002016,GOOD,,2,
R15,113.909,129.764,105.338,0.007,0.001,,2022/5/27,10:54:35,D:\ADVANTECH\B19AK10AI23-10AI_KYSPI\BCM-949510AI013.mdb,50,220,50,220,50,220,0.2032,0.254,1000002016,GOOD,,1,
R15,115.519,132.36,104.732,0.007,0.006,,2022/5/27,10:54:35,D:\ADVANTECH\B19AK10AI23-10AI_KYSPI\BCM-949510AI013.mdb,50,220,50,220,50,220,0.2032,0.254,1000002016,GOOD,,2,
R22,115.709,127.887,108.573,0.018,-0.006,,2022/5/27,10:54:35,D:\ADVANTECH\B19AK10AI23-10AI_KYSPI\BCM-949510AI013.mdb,50,220,50,220,50,220,0.2032,0.254,1000002016,GOOD,,1,
R22,121.596,132.596,110.044,0.018,-0.003,,2022/5/27,10:54:35,D:\ADVANTECH\B19AK10AI23-10AI_KYSPI\BCM-949510AI013.mdb,50,220,50,220,50,220,0.2032,0.254,1000002016,GOOD,,2,
R55,118.165,132.165,107.288,0,-0.002,,2022/5/27,10:54:35,D:\ADVANTECH\B19AK10AI23-10AI_KYSPI\BCM-949510AI013.mdb,50,220,50,220,50,220,0.254,0.2032,105A510014,GOOD,,1,
R55,118.093,133.509,106.144,0.004,-0.002,,2022/5/27,10:54:35,D:\ADVANTECH\B19AK10AI23-10AI_KYSPI\BCM-949510AI013.mdb,50,220,50,220,50,220,0.254,0.2032,105A510014,GOOD,,2,
R73,118.103,132.708,106.794,0.003,0.002,,2022/5/27,10:54:35,D:\ADVANTECH\B19AK10AI23-10AI_KYSPI\BCM-949510AI013.mdb,50,220,50,220,50,220,0.254,0.2032,105A50103A,GOOD,,1,
R73,116.987,132.794,105.716,0.001,0.003,,2022/5/27,10:54:35,D:\ADVANTECH\B19AK10AI23-10AI_KYSPI\BCM-949510AI013.mdb,50,220,50,220,50,220,0.254,0.2032,105A50103A,GOOD,,2,
R74,117.012,133.441,105.226,0.003,0.003,,2022/5/27,10:54:35,D:\ADVANTECH\B19AK10AI23-10AI_KYSPI\BCM-949510AI013.mdb,50,220,50,220,50,220,0.254,0.2032,105A50103A,GOOD,,1,
R74,118.791,133.913,106.449,0.002,0.003,,2022/5/27,10:54:35,D:\ADVANTECH\B19AK10AI23-10AI_KYSPI\BCM-949510AI013.mdb,50,220,50,220,50,220,0.254,0.2032,105A50103A,GOOD,,2,
R75,115.321,131.305,105.392,0.004,-0.001,,2022/5/27,10:54:35,D:\ADVANTECH\B19AK10AI23-10AI_KYSPI\BCM-949510AI013.mdb,50,220,50,220,50,220,0.254,0.2032,105A50103A,GOOD,,1,
R75,115.625,131.8,105.274,0.002,-0.001,,2022/5/27,10:54:35,D:\ADVANTECH\B19AK10AI23-10AI_KYSPI\BCM-949510AI013.mdb,50,220,50,220,50,220,0.254,0.2032,105A50103A,GOOD,,2,
R78,117.78,135.506,104.303,0.004,0.006,,2022/5/27,10:54:35,D:\ADVANTECH\B19AK10AI23-10AI_KYSPI\BCM-949510AI013.mdb,50,220,50,220,50,220,0.254,0.2032,105A50103A,GOOD,,1,
R78,119.401,137.022,104.568,0.001,0.006,,2022/5/27,10:54:35,D:\ADVANTECH\B19AK10AI23-10AI_KYSPI\BCM-949510AI013.mdb,50,220,50,220,50,220,0.254,0.2032,105A50103A,GOOD,,2,
R81,119.961,134.837,106.761,0.004,0.001,,2022/5/27,10:54:35,D:\ADVANTECH\B19AK10AI23-10AI_KYSPI\BCM-949510AI013.mdb,50,220,50,220,50,220,0.254,0.2032,105A50103A,GOOD,,1,
R81,119.869,135.101,106.471,-0.002,0,,2022/5/27,10:54:35,D:\ADVANTECH\B19AK10AI23-10AI_KYSPI\BCM-949510AI013.mdb,50,220,50,220,50,220,0.254,0.2032,105A50103A,GOOD,,2,
R83,121.274,136.001,107.006,0.008,0.002,,2022/5/27,10:54:35,D:\ADVANTECH\B19AK10AI23-10AI_KYSPI\BCM-949510AI013.mdb,50,220,50,220,50,220,0.254,0.2032,105A50103A,GOOD,,1,
R83,119.575,134.961,106.32,0,0.002,,2022/5/27,10:54:35,D:\ADVANTECH\B19AK10AI23-10AI_KYSPI\BCM-949510AI013.mdb,50,220,50,220,50,220,0.254,0.2032,105A50103A,GOOD,,2,
R86,117.416,135.334,104.113,0.002,0.001,,2022/5/27,10:54:35,D:\ADVANTECH\B19AK10AI23-10AI_KYSPI\BCM-949510AI013.mdb,50,220,50,220,50,220,0.254,0.2032,105A50103A,GOOD,,1,
R86,117.928,133.515,105.991,-0.001,0.002,,2022/5/27,10:54:35,D:\ADVANTECH\B19AK10AI23-10AI_KYSPI\BCM-949510AI013.mdb,50,220,50,220,50,220,0.254,0.2032,105A50103A,GOOD,,2,
R90,120.125,134.221,107.398,0.006,-0.003,,2022/5/27,10:54:35,D:\ADVANTECH\B19AK10AI23-10AI_KYSPI\BCM-949510AI013.mdb,50,220,50,220,50,220,0.254,0.2032,105A50103A,GOOD,,1,
R90,119.134,134.425,106.35,-0.002,-0.004,,2022/5/27,10:54:35,D:\ADVANTECH\B19AK10AI23-10AI_KYSPI\BCM-949510AI013.mdb,50,220,50,220,50,220,0.254,0.2032,105A50103A,GOOD,,2,
R91,121.859,138.153,105.848,0.007,0.005,,2022/5/27,10:54:35,D:\ADVANTECH\B19AK10AI23-10AI_KYSPI\BCM-949510AI013.mdb,50,220,50,220,50,220,0.254,0.2032,105A50103A,GOOD,,1,
R91,117.939,135.227,104.658,-0.001,0.005,,2022/5/27,10:54:35,D:\ADVANTECH\B19AK10AI23-10AI_KYSPI\BCM-949510AI013.mdb,50,220,50,220,50,220,0.254,0.2032,105A50103A,GOOD,,2,
R96,117.807,139.161,101.586,0.041,-0.003,,2022/5/27,10:54:35,D:\ADVANTECH\B19AK10AI23-10AI_KYSPI\BCM-949510AI013.mdb,50,220,50,220,50,220,0.2032,0.254,105A700004,GOOD,,1,
R96,110.231,132.667,99.705,0.027,-0.008,,2022/5/27,10:54:35,D:\ADVANTECH\B19AK10AI23-10AI_KYSPI\BCM-949510AI013.mdb,50,220,50,220,50,220,0.2032,0.254,105A700004,GOOD,,2,
R111,116.306,131.035,106.512,0.026,0.001,,2022/5/27,10:54:35,D:\ADVANTECH\B19AK10AI23-10AI_KYSPI\BCM-949510AI013.mdb,50,220,50,220,50,220,0.2032,0.254,1000008838,GOOD,,1,
R111,122.93,133.969,110.112,0.019,-0.002,,2022/5/27,10:54:35,D:\ADVANTECH\B19AK10AI23-10AI_KYSPI\BCM-949510AI013.mdb,50,220,50,220,50,220,0.2032,0.254,1000008838,GOOD,,2,
R112,119.212,133.3,107.317,0.027,0,,2022/5/27,10:54:35,D:\ADVANTECH\B19AK10AI23-10AI_KYSPI\BCM-949510AI013.mdb,50,220,50,220,50,220,0.2032,0.254,105A50103A,GOOD,,1,
R112,110.494,124.747,106.29,0.016,-0.005,,2022/5/27,10:54:35,D:\ADVANTECH\B19AK10AI23-10AI_KYSPI\BCM-949510AI013.mdb,50,220,50,220,50,220,0.2032,0.254,105A50103A,GOOD,,2,
R113,111.649,127.158,105.364,0.023,-0.006,,2022/5/27,10:54:35,D:\ADVANTECH\B19AK10AI23-10AI_KYSPI\BCM-949510AI013.mdb,50,220,50,220,50,220,0.2032,0.254,105A700004,GOOD,,1,
R113,119.432,135.354,105.884,0.031,-0.001,,2022/5/27,10:54:35,D:\ADVANTECH\B19AK10AI23-10AI_KYSPI\BCM-949510AI013.mdb,50,220,50,220,50,220,0.2032,0.254,105A700004,GOOD,,2,
R127,119.631,136.273,105.346,0.024,0,,2022/5/27,10:54:35,D:\ADVANTECH\B19AK10AI23-10AI_KYSPI\BCM-949510AI013.mdb,50,220,50,220,50,220,0.254,0.2032,1000000558,GOOD,,1,
R127,119.465,130.335,109.991,0.011,0.001,,2022/5/27,10:54:35,D:\ADVANTECH\B19AK10AI23-10AI_KYSPI\BCM-949510AI013.mdb,50,220,50,220,50,220,0.254,0.2032,1000000558,GOOD,,2,
R130,117.554,132.818,106.209,0.002,0.005,,2022/5/27,10:54:35,D:\ADVANTECH\B19AK10AI23-10AI_KYSPI\BCM-949510AI013.mdb,50,220,50,220,50,220,0.3252,0.3292,105A551003,GOOD,,1,
R130,121.313,138.176,105.355,0.003,0.007,,2022/5/27,10:54:35,D:\ADVANTECH\B19AK10AI23-10AI_KYSPI\BCM-949510AI013.mdb,50,220,50,220,50,220,0.3252,0.3292,105A551003,GOOD,,2,
R141,118.234,135.484,104.721,0.001,0,,2022/5/27,10:54:35,D:\ADVANTECH\B19AK10AI23-10AI_KYSPI\BCM-949510AI013.mdb,50,220,50,220,50,220,0.254,0.2032,105A50103A,GOOD,,1,
R141,119.817,135.46,106.142,0.015,0,,2022/5/27,10:54:35,D:\ADVANTECH\B19AK10AI23-10AI_KYSPI\BCM-949510AI013.mdb,50,220,50,220,50,220,0.254,0.2032,105A50103A,GOOD,,2,
R143,127.958,140.367,109.392,0,0.003,,2022/5/27,10:54:35,D:\ADVANTECH\B19AK10AI23-10AI_KYSPI\BCM-949510AI013.mdb,50,220,50,220,50,220,0.254,0.2032,105A50103A,GOOD,,1,
R143,124.633,141.656,105.58,0.008,0.003,,2022/5/27,10:54:35,D:\ADVANTECH\B19AK10AI23-10AI_KYSPI\BCM-949510AI013.mdb,50,220,50,220,50,220,0.254,0.2032,105A50103A,GOOD,,2,
R144,132.496,149.323,106.477,0.009,0.003,,2022/5/27,10:54:35,D:\ADVANTECH\B19AK10AI23-10AI_KYSPI\BCM-949510AI013.mdb,50,220,50,220,50,220,0.4584,0.4776,1000014345,GOOD,,1,
R144,134.499,152.331,105.953,0.008,0.002,,2022/5/27,10:54:35,D:\ADVANTECH\B19AK10AI23-10AI_KYSPI\BCM-949510AI013.mdb,50,220,50,220,50,220,0.4584,0.4776,1000014345,GOOD,,2,
R146,127.987,139.168,110.358,-0.001,0.002,,2022/5/27,10:54:35,D:\ADVANTECH\B19AK10AI23-10AI_KYSPI\BCM-949510AI013.mdb,50,220,50,220,50,220,0.254,0.2032,105A50103A,GOOD,,1,
R146,129.839,144.268,107.998,0.015,0.004,,2022/5/27,10:54:35,D:\ADVANTECH\B19AK10AI23-10AI_KYSPI\BCM-949510AI013.mdb,50,220,50,220,50,220,0.254,0.2032,105A50103A,GOOD,,2,
R147,126.065,145.524,103.954,-0.001,0,,2022/5/27,10:54:35,D:\ADVANTECH\B19AK10AI23-10AI_KYSPI\BCM-949510AI013.mdb,50,220,50,220,50,220,0.4584,0.4776,1000014345,GOOD,,1,
R147,125.646,142.347,105.921,0,0.001,,2022/5/27,10:54:35,D:\ADVANTECH\B19AK10AI23-10AI_KYSPI\BCM-949510AI013.mdb,50,220,50,220,50,220,0.4584,0.4776,1000014345,GOOD,,2,
R148,125.378,141.869,106.051,0.01,0.002,,2022/5/27,10:54:35,D:\ADVANTECH\B19AK10AI23-10AI_KYSPI\BCM-949510AI013.mdb,50,220,50,220,50,220,0.254,0.2032,105A50103A,GOOD,,1,
R148,120.488,130.488,110.804,0.003,0.003,,2022/5/27,10:54:35,D:\ADVANTECH\B19AK10AI23-10AI_KYSPI\BCM-949510AI013.mdb,50,220,50,220,50,220,0.254,0.2032,105A50103A,GOOD,,2,
R149,131.033,148.036,106.217,0.002,0.003,,2022/5/27,10:54:35,D:\ADVANTECH\B19AK10AI23-10AI_KYSPI\BCM-949510AI013.mdb,50,220,50,220,50,220,0.4584,0.4776,1000014345,GOOD,,1,
R149,130.34,149.991,104.278,0.001,0.002,,2022/5/27,10:54:35,D:\ADVANTECH\B19AK10AI23-10AI_KYSPI\BCM-949510AI013.mdb,50,220,50,220,50,220,0.4584,0.4776,1000014345,GOOD,,2,
R151,121.94,136.586,107.133,0.002,0.007,,2022/5/27,10:54:35,D:\ADVANTECH\B19AK10AI23-10AI_KYSPI\BCM-949510AI013.mdb,50,220,50,220,50,220,0.254,0.2032,105A50103A,GOOD,,1,
R151,123.55,137.729,107.646,0.011,0.008,,2022/5/27,10:54:35,D:\ADVANTECH\B19AK10AI23-10AI_KYSPI\BCM-949510AI013.mdb,50,220,50,220,50,220,0.254,0.2032,105A50103A,GOOD,,2,
R152,127.662,146.74,104.399,0.001,-0.001,,2022/5/27,10:54:35,D:\ADVANTECH\B19AK10AI23-10AI_KYSPI\BCM-949510AI013.mdb,50,220,50,220,50,220,0.4584,0.4776,1000014345,GOOD,,1,
R152,128.807,145.473,106.253,0.003,0.001,,2022/5/27,10:54:35,D:\ADVANTECH\B19AK10AI23-10AI_KYSPI\BCM-949510AI013.mdb,50,220,50,220,50,220,0.4584,0.4776,1000014345,GOOD,,2,
R275,118.537,136.256,104.395,0.003,-0.009,,2022/5/27,10:54:35,D:\ADVANTECH\B19AK10AI23-10AI_KYSPI\BCM-949510AI013.mdb,50,220,50,220,50,220,0.5184,0.6604,1000000539,GOOD,,1,
R275,115.878,135.432,102.674,0.004,-0.007,,2022/5/27,10:54:35,D:\ADVANTECH\B19AK10AI23-10AI_KYSPI\BCM-949510AI013.mdb,50,220,50,220,50,220,0.5184,0.6604,1000000539,GOOD,,2,
R276,120.543,139.084,104.003,0.004,0.005,,2022/5/27,10:54:35,D:\ADVANTECH\B19AK10AI23-10AI_KYSPI\BCM-949510AI013.mdb,50,220,50,220,50,220,0.5184,0.6604,1000000539,GOOD,,1,
R276,119.143,138.175,103.472,0.003,0.006,,2022/5/27,10:54:35,D:\ADVANTECH\B19AK10AI23-10AI_KYSPI\BCM-949510AI013.mdb,50,220,50,220,50,220,0.5184,0.6604,1000000539,GOOD,,2,
R280,114.088,125.698,108.916,-0.002,0.005,,2022/5/27,10:54:35,D:\ADVANTECH\B19AK10AI23-10AI_KYSPI\BCM-949510AI013.mdb,50,220,50,220,50,220,0.254,0.2032,105A50103A,GOOD,,1,
R280,116.922,129.114,108.668,-0.007,0.005,,2022/5/27,10:54:35,D:\ADVANTECH\B19AK10AI23-10AI_KYSPI\BCM-949510AI013.mdb,50,220,50,220,50,220,0.254,0.2032,105A50103A,GOOD,,2,
R283,123.144,137.961,107.112,0.008,0.007,,2022/5/27,10:54:35,D:\ADVANTECH\B19AK10AI23-10AI_KYSPI\BCM-949510AI013.mdb,50,220,50,220,50,220,0.3252,0.3292,105A510003,GOOD,,1,
R283,117.926,133.45,106.041,0.008,-0.004,,2022/5/27,10:54:35,D:\ADVANTECH\B19AK10AI23-10AI_KYSPI\BCM-949510AI013.mdb,50,220,50,220,50,220,0.3252,0.3292,105A510003,GOOD,,2,
R284,117.646,130.849,107.891,0.015,-0.006,,2022/5/27,10:54:35,D:\ADVANTECH\B19AK10AI23-10AI_KYSPI\BCM-949510AI013.mdb,50,220,50,220,50,220,0.2032,0.254,105A50330A,GOOD,,1,
R284,117.437,130.145,108.283,0.021,-0.004,,2022/5/27,10:54:35,D:\ADVANTECH\B19AK10AI23-10AI_KYSPI\BCM-949510AI013.mdb,50,220,50,220,50,220,0.2032,0.254,105A50330A,GOOD,,2,
R288,125.288,142.542,105.475,0.006,0.003,,2022/5/27,10:54:35,D:\ADVANTECH\B19AK10AI23-10AI_KYSPI\BCM-949510AI013.mdb,50,220,50,220,50,220,0.254,0.2032,105A50330A,GOOD,,1,
R288,127.276,142.001,107.557,0.002,0.005,,2022/5/27,10:54:35,D:\ADVANTECH\B19AK10AI23-10AI_KYSPI\BCM-949510AI013.mdb,50,220,50,220,50,220,0.254,0.2032,105A50330A,GOOD,,2,
R289,119.374,135.972,105.352,0.002,0.007,,2022/5/27,10:54:35,D:\ADVANTECH\B19AK10AI23-10AI_KYSPI\BCM-949510AI013.mdb,50,220,50,220,50,220,0.2032,0.254,105A50330A,GOOD,,1,
R289,118.979,133.747,106.75,0.002,0.002,,2022/5/27,10:54:35,D:\ADVANTECH\B19AK10AI23-10AI_KYSPI\BCM-949510AI013.mdb,50,220,50,220,50,220,0.2032,0.254,105A50330A,GOOD,,2,
R290,113.716,128.194,106.447,-0.003,0.007,,2022/5/27,10:54:35,D:\ADVANTECH\B19AK10AI23-10AI_KYSPI\BCM-949510AI013.mdb,50,220,50,220,50,220,0.254,0.2032,105A50330A,GOOD,,1,
R290,115.324,131.509,105.231,0,0.008,,2022/5/27,10:54:35,D:\ADVANTECH\B19AK10AI23-10AI_KYSPI\BCM-949510AI013.mdb,50,220,50,220,50,220,0.254,0.2032,105A50330A,GOOD,,2,
R291,122.74,135.98,108.316,-0.003,0.008,,2022/5/27,10:54:35,D:\ADVANTECH\B19AK10AI23-10AI_KYSPI\BCM-949510AI013.mdb,50,220,50,220,50,220,0.254,0.2032,105A50330A,GOOD,,1,
R291,118.707,129.469,110.025,-0.003,0.009,,2022/5/27,10:54:35,D:\ADVANTECH\B19AK10AI23-10AI_KYSPI\BCM-949510AI013.mdb,50,220,50,220,50,220,0.254,0.2032,105A50330A,GOOD,,2,
R295,109.358,127.475,102.945,0.003,0.007,,2022/5/27,10:54:35,D:\ADVANTECH\B19AK10AI23-10AI_KYSPI\BCM-949510AI013.mdb,50,220,50,220,50,220,0.2032,0.254,105A50103A,GOOD,,1,
R295,114.953,132.193,104.35,0.003,0.01,,2022/5/27,10:54:35,D:\ADVANTECH\B19AK10AI23-10AI_KYSPI\BCM-949510AI013.mdb,50,220,50,220,50,220,0.2032,0.254,105A50103A,GOOD,,2,
R298,114.741,136.337,100.992,0.028,-0.001,,2022/5/27,10:54:35,D:\ADVANTECH\B19AK10AI23-10AI_KYSPI\BCM-949510AI013.mdb,50,220,50,220,50,220,0.2032,0.254,105A50103A,GOOD,,1,
R298,118.341,140.161,101.319,0.03,-0.004,,2022/5/27,10:54:35,D:\ADVANTECH\B19AK10AI23-10AI_KYSPI\BCM-949510AI013.mdb,50,220,50,220,50,220,0.2032,0.254,105A50103A,GOOD,,2,
R299,110.949,131.039,101.603,0.007,0.002,,2022/5/27,10:54:35,D:\ADVANTECH\B19AK10AI23-10AI_KYSPI\BCM-949510AI013.mdb,50,220,50,220,50,220,0.2032,0.254,1000002016,GOOD,,1,
R299,115.359,129.353,107.019,0.012,0.004,,2022/5/27,10:54:35,D:\ADVANTECH\B19AK10AI23-10AI_KYSPI\BCM-949510AI013.mdb,50,220,50,220,50,220,0.2032,0.254,1000002016,GOOD,,2,
R300,111.704,127.795,104.891,0.002,0.003,,2022/5/27,10:54:35,D:\ADVANTECH\B19AK10AI23-10AI_KYSPI\BCM-949510AI013.mdb,50,220,50,220,50,220,0.2032,0.254,1000002016,GOOD,,1,
R300,111.891,125.67,106.843,-0.002,0.005,,2022/5/27,10:54:35,D:\ADVANTECH\B19AK10AI23-10AI_KYSPI\BCM-949510AI013.mdb,50,220,50,220,50,220,0.2032,0.254,1000002016,GOOD,,2,
R301,108.994,126.802,103.148,0.004,0.004,,2022/5/27,10:54:35,D:\ADVANTECH\B19AK10AI23-10AI_KYSPI\BCM-949510AI013.mdb,50,220,50,220,50,220,0.2032,0.254,1000002016,GOOD,,1,
R301,112.002,127.468,105.441,0.002,0.006,,2022/5/27,10:54:35,D:\ADVANTECH\B19AK10AI23-10AI_KYSPI\BCM-949510AI013.mdb,50,220,50,220,50,220,0.2032,0.254,1000002016,GOOD,,2,
R302,112.654,130.147,103.871,0,0.001,,2022/5/27,10:54:35,D:\ADVANTECH\B19AK10AI23-10AI_KYSPI\BCM-949510AI013.mdb,50,220,50,220,50,220,0.2032,0.254,1000002016,GOOD,,1,
R302,114.208,132.022,103.808,0.002,0.003,,2022/5/27,10:54:35,D:\ADVANTECH\B19AK10AI23-10AI_KYSPI\BCM-949510AI013.mdb,50,220,50,220,50,220,0.2032,0.254,1000002016,GOOD,,2,
R303,113.841,131.942,103.537,-0.004,0.001,,2022/5/27,10:54:35,D:\ADVANTECH\B19AK10AI23-10AI_KYSPI\BCM-949510AI013.mdb,50,220,50,220,50,220,0.2032,0.254,1000002016,GOOD,,1,
R303,117.566,131.459,107.318,0.004,0.004,,2022/5/27,10:54:35,D:\ADVANTECH\B19AK10AI23-10AI_KYSPI\BCM-949510AI013.mdb,50,220,50,220,50,220,0.2032,0.254,1000002016,GOOD,,2,
R304,113.628,131.801,103.454,0,0.002,,2022/5/27,10:54:35,D:\ADVANTECH\B19AK10AI23-10AI_KYSPI\BCM-949510AI013.mdb,50,220,50,220,50,220,0.2032,0.254,1000002016,GOOD,,1,
R304,119.62,136.755,104.965,0.009,0.005,,2022/5/27,10:54:35,D:\ADVANTECH\B19AK10AI23-10AI_KYSPI\BCM-949510AI013.mdb,50,220,50,220,50,220,0.2032,0.254,1000002016,GOOD,,2,
R305,114.426,131.663,104.29,0.002,0.003,,2022/5/27,10:54:35,D:\ADVANTECH\B19AK10AI23-10AI_KYSPI\BCM-949510AI013.mdb,50,220,50,220,50,220,0.2032,0.254,1000002016,GOOD,,1,
R305,113.239,127.065,106.943,-0.001,0.006,,2022/5/27,10:54:35,D:\ADVANTECH\B19AK10AI23-10AI_KYSPI\BCM-949510AI013.mdb,50,220,50,220,50,220,0.2032,0.254,1000002016,GOOD,,2,
R306,115.198,130.555,105.885,0.001,0.004,,2022/5/27,10:54:35,D:\ADVANTECH\B19AK10AI23-10AI_KYSPI\BCM-949510AI013.mdb,50,220,50,220,50,220,0.2032,0.254,1000002016,GOOD,,1,
R306,115.919,128.834,107.97,0.002,0.007,,2022/5/27,10:54:35,D:\ADVANTECH\B19AK10AI23-10AI_KYSPI\BCM-949510AI013.mdb,50,220,50,220,50,220,0.2032,0.254,1000002016,GOOD,,2,
R320,120.963,137.079,105.892,0.002,-0.002,,2022/5/27,10:54:35,D:\ADVANTECH\B19AK10AI23-10AI_KYSPI\BCM-949510AI013.mdb,50,220,50,220,50,220,0.254,0.2032,105A700004,GOOD,,1,
R320,119.177,135.745,105.354,0.013,-0.002,,2022/5/27,10:54:35,D:\ADVANTECH\B19AK10AI23-10AI_KYSPI\BCM-949510AI013.mdb,50,220,50,220,50,220,0.254,0.2032,105A700004,GOOD,,2,
R325,117.494,132.144,106.697,0.021,0,,2022/5/27,10:54:35,D:\ADVANTECH\B19AK10AI23-10AI_KYSPI\BCM-949510AI013.mdb,50,220,50,220,50,220,0.2032,0.254,105A50103A,GOOD,,1,
R325,113.263,126.665,107.303,0.006,0.003,,2022/5/27,10:54:35,D:\ADVANTECH\B19AK10AI23-10AI_KYSPI\BCM-949510AI013.mdb,50,220,50,220,50,220,0.2032,0.254,105A50103A,GOOD,,2,
R330,126.879,137.036,111.106,0.011,0,,2022/5/27,10:54:35,D:\ADVANTECH\B19AK10AI23-10AI_KYSPI\BCM-949510AI013.mdb,50,220,50,220,50,220,0.254,0.2032,1000000558,GOOD,,1,
R330,112.29,128.319,105.011,-0.004,0.001,,2022/5/27,10:54:35,D:\ADVANTECH\B19AK10AI23-10AI_KYSPI\BCM-949510AI013.mdb,50,220,50,220,50,220,0.254,0.2032,1000000558,GOOD,,2,
R335,118.401,136.254,104.277,0.01,-0.007,,2022/5/27,10:54:35,D:\ADVANTECH\B19AK10AI23-10AI_KYSPI\BCM-949510AI013.mdb,50,220,50,220,50,220,0.4776,0.4584,1059700001,GOOD,,1,
R335,112.46,128.66,104.891,0.006,-0.006,,2022/5/27,10:54:35,D:\ADVANTECH\B19AK10AI23-10AI_KYSPI\BCM-949510AI013.mdb,50,220,50,220,50,220,0.4776,0.4584,1059700001,GOOD,,2,
R346,126.926,144.182,105.639,0.01,0.004,,2022/5/27,10:54:35,D:\ADVANTECH\B19AK10AI23-10AI_KYSPI\BCM-949510AI013.mdb,50,220,50,220,50,220,0.254,0.2032,105A50330A,GOOD,,1,
R346,125.599,139.946,107.698,0.005,0.004,,2022/5/27,10:54:35,D:\ADVANTECH\B19AK10AI23-10AI_KYSPI\BCM-949510AI013.mdb,50,220,50,220,50,220,0.254,0.2032,105A50330A,GOOD,,2,
R347,121.804,140.779,103.826,0,0.005,,2022/5/27,10:54:35,D:\ADVANTECH\B19AK10AI23-10AI_KYSPI\BCM-949510AI013.mdb,50,220,50,220,50,220,0.4584,0.4776,1000014345,GOOD,,1,
R347,125.63,143.181,105.29,0.001,0.006,,2022/5/27,10:54:35,D:\ADVANTECH\B19AK10AI23-10AI_KYSPI\BCM-949510AI013.mdb,50,220,50,220,50,220,0.4584,0.4776,1000014345,GOOD,,2,
R348,132.119,148.414,106.825,0,0,,2022/5/27,10:54:35,D:\ADVANTECH\B19AK10AI23-10AI_KYSPI\BCM-949510AI013.mdb,50,220,50,220,50,220,0.4584,0.4776,1000014345,GOOD,,1,
R348,131.437,152.162,103.656,0,-0.001,,2022/5/27,10:54:35,D:\ADVANTECH\B19AK10AI23-10AI_KYSPI\BCM-949510AI013.mdb,50,220,50,220,50,220,0.4584,0.4776,1000014345,GOOD,,2,
R349,125.843,141.294,106.878,0.011,0.008,,2022/5/27,10:54:35,D:\ADVANTECH\B19AK10AI23-10AI_KYSPI\BCM-949510AI013.mdb,50,220,50,220,50,220,0.254,0.2032,105A50103A,GOOD,,1,
R349,118.827,131.014,108.837,0.006,0.009,,2022/5/27,10:54:35,D:\ADVANTECH\B19AK10AI23-10AI_KYSPI\BCM-949510AI013.mdb,50,220,50,220,50,220,0.254,0.2032,105A50103A,GOOD,,2,
R350,126.975,139.647,109.111,0.004,-0.001,,2022/5/27,10:54:35,D:\ADVANTECH\B19AK10AI23-10AI_KYSPI\BCM-949510AI013.mdb,50,220,50,220,50,220,0.254,0.2032,105A50103A,GOOD,,1,
R350,126.318,141.18,107.368,0.012,-0.002,,2022/5/27,10:54:35,D:\ADVANTECH\B19AK10AI23-10AI_KYSPI\BCM-949510AI013.mdb,50,220,50,220,50,220,0.254,0.2032,105A50103A,GOOD,,2,
R351,124.01,140.068,106.243,0.014,0.002,,2022/5/27,10:54:35,D:\ADVANTECH\B19AK10AI23-10AI_KYSPI\BCM-949510AI013.mdb,50,220,50,220,50,220,0.254,0.2032,105A50330A,GOOD,,1,
R351,125.777,140.903,107.117,0.008,0.003,,2022/5/27,10:54:35,D:\ADVANTECH\B19AK10AI23-10AI_KYSPI\BCM-949510AI013.mdb,50,220,50,220,50,220,0.254,0.2032,105A50330A,GOOD,,2,
R352,123.881,143.054,103.917,0.006,0.002,,2022/5/27,10:54:35,D:\ADVANTECH\B19AK10AI23-10AI_KYSPI\BCM-949510AI013.mdb,50,220,50,220,50,220,0.4584,0.4776,1000014345,GOOD,,1,
R352,125.805,142.862,105.672,0.008,0.003,,2022/5/27,10:54:35,D:\ADVANTECH\B19AK10AI23-10AI_KYSPI\BCM-949510AI013.mdb,50,220,50,220,50,220,0.4584,0.4776,1000014345,GOOD,,2,
R353,129.136,145.952,106.174,0.003,0.005,,2022/5/27,10:54:35,D:\ADVANTECH\B19AK10AI23-10AI_KYSPI\BCM-949510AI013.mdb,50,220,50,220,50,220,0.4584,0.4776,1000014345,GOOD,,1,
R353,129.649,149.714,103.918,0.002,0.004,,2022/5/27,10:54:35,D:\ADVANTECH\B19AK10AI23-10AI_KYSPI\BCM-949510AI013.mdb,50,220,50,220,50,220,0.4584,0.4776,1000014345,GOOD,,2,
R354,122.914,140.412,105.046,0.007,-0.001,,2022/5/27,10:54:35,D:\ADVANTECH\B19AK10AI23-10AI_KYSPI\BCM-949510AI013.mdb,50,220,50,220,50,220,0.254,0.2032,105A50103A,GOOD,,1,
R354,116.199,128.386,108.609,0.008,0,,2022/5/27,10:54:35,D:\ADVANTECH\B19AK10AI23-10AI_KYSPI\BCM-949510AI013.mdb,50,220,50,220,50,220,0.254,0.2032,105A50103A,GOOD,,2,
R355,125.541,138.495,108.775,0.007,0.005,,2022/5/27,10:54:35,D:\ADVANTECH\B19AK10AI23-10AI_KYSPI\BCM-949510AI013.mdb,50,220,50,220,50,220,0.254,0.2032,105A50103A,GOOD,,1,
R355,126.681,142.238,106.875,0.012,0.004,,2022/5/27,10:54:35,D:\ADVANTECH\B19AK10AI23-10AI_KYSPI\BCM-949510AI013.mdb,50,220,50,220,50,220,0.254,0.2032,105A50103A,GOOD,,2,
R356,115.099,129.757,106.444,0.006,-0.006,,2022/5/27,10:54:35,D:\ADVANTECH\B19AK10AI23-10AI_KYSPI\BCM-949510AI013.mdb,50,220,50,220,50,220,0.2032,0.254,105A50330A,GOOD,,1,
R356,111.869,124.795,107.571,0.009,-0.003,,2022/5/27,10:54:35,D:\ADVANTECH\B19AK10AI23-10AI_KYSPI\BCM-949510AI013.mdb,50,220,50,220,50,220,0.2032,0.254,105A50330A,GOOD,,2,
R357,120.592,129.551,111.702,0.02,-0.007,,2022/5/27,10:54:35,D:\ADVANTECH\B19AK10AI23-10AI_KYSPI\BCM-949510AI013.mdb,50,220,50,220,50,220,0.2032,0.254,105A50330A,GOOD,,1,
R357,118.194,131.72,107.677,0.012,-0.005,,2022/5/27,10:54:35,D:\ADVANTECH\B19AK10AI23-10AI_KYSPI\BCM-949510AI013.mdb,50,220,50,220,50,220,0.2032,0.254,105A50330A,GOOD,,2,
R358,118.156,129.833,109.208,0.014,-0.007,,2022/5/27,10:54:35,D:\ADVANTECH\B19AK10AI23-10AI_KYSPI\BCM-949510AI013.mdb,50,220,50,220,50,220,0.2032,0.254,105A50330A,GOOD,,1,
R358,115.842,128.022,108.584,0.016,-0.004,,2022/5/27,10:54:35,D:\ADVANTECH\B19AK10AI23-10AI_KYSPI\BCM-949510AI013.mdb,50,220,50,220,50,220,0.2032,0.254,105A50330A,GOOD,,2,
R359,122.623,138.148,106.514,0.003,0.007,,2022/5/27,10:54:35,D:\ADVANTECH\B19AK10AI23-10AI_KYSPI\BCM-949510AI013.mdb,50,220,50,220,50,220,0.254,0.2032,105A50330A,GOOD,,1,
R359,115.99,129.522,107.462,0.002,0.007,,2022/5/27,10:54:35,D:\ADVANTECH\B19AK10AI23-10AI_KYSPI\BCM-949510AI013.mdb,50,220,50,220,50,220,0.254,0.2032,105A50330A,GOOD,,2,
R368,113.391,124.325,109.446,0.012,-0.004,,2022/5/27,10:54:35,D:\ADVANTECH\B19AK10AI23-10AI_KYSPI\BCM-949510AI013.mdb,50,220,50,220,50,220,0.2032,0.254,105A50330A,GOOD,,1,
R368,114.702,128.694,106.953,0.014,-0.007,,2022/5/27,10:54:35,D:\ADVANTECH\B19AK10AI23-10AI_KYSPI\BCM-949510AI013.mdb,50,220,50,220,50,220,0.2032,0.254,105A50330A,GOOD,,2,
R383,111.406,126.915,105.336,-0.01,-0.007,,2022/5/27,10:54:35,D:\ADVANTECH\B19AK10AI23-10AI_KYSPI\BCM-949510AI013.mdb,50,220,50,220,50,220,0.254,0.2032,105A50103A,GOOD,,1,
R383,117.985,134.031,105.634,0.009,-0.006,,2022/5/27,10:54:35,D:\ADVANTECH\B19AK10AI23-10AI_KYSPI\BCM-949510AI013.mdb,50,220,50,220,50,220,0.254,0.2032,105A50103A,GOOD,,2,
R391,121.118,133.864,108.574,0.013,0,,2022/5/27,10:54:35,D:\ADVANTECH\B19AK10AI23-10AI_KYSPI\BCM-949510AI013.mdb,50,220,50,220,50,220,0.254,0.2032,105A50330A,GOOD,,1,
R391,120.414,132.214,109.291,-0.001,0.001,,2022/5/27,10:54:35,D:\ADVANTECH\B19AK10AI23-10AI_KYSPI\BCM-949510AI013.mdb,50,220,50,220,50,220,0.254,0.2032,105A50330A,GOOD,,2,
R392,114.047,130.393,104.957,-0.004,-0.007,,2022/5/27,10:54:35,D:\ADVANTECH\B19AK10AI23-10AI_KYSPI\BCM-949510AI013.mdb,50,220,50,220,50,220,0.3252,0.3292,105A515003,GOOD,,1,
R392,120.779,136.332,106.31,0.004,-0.005,,2022/5/27,10:54:35,D:\ADVANTECH\B19AK10AI23-10AI_KYSPI\BCM-949510AI013.mdb,50,220,50,220,50,220,0.3252,0.3292,105A515003,GOOD,,2,
R394,116.643,131.63,106.338,0.004,-0.002,,2022/5/27,10:54:35,D:\ADVANTECH\B19AK10AI23-10AI_KYSPI\BCM-949510AI013.mdb,50,220,50,220,50,220,0.3252,0.3292,105A530003,GOOD,,1,
R394,109.93,126.879,103.97,-0.007,-0.004,,2022/5/27,10:54:35,D:\ADVANTECH\B19AK10AI23-10AI_KYSPI\BCM-949510AI013.mdb,50,220,50,220,50,220,0.3252,0.3292,105A530003,GOOD,,2,
R395,115.027,134.566,102.576,0.01,-0.006,,2022/5/27,10:54:35,D:\ADVANTECH\B19AK10AI23-10AI_KYSPI\BCM-949510AI013.mdb,50,220,50,220,50,220,0.3292,0.3252,105A530003,GOOD,,1,
R395,117.916,135.301,104.581,0.006,-0.005,,2022/5/27,10:54:35,D:\ADVANTECH\B19AK10AI23-10AI_KYSPI\BCM-949510AI013.mdb,50,220,50,220,50,220,0.3292,0.3252,105A530003,GOOD,,2,
R396,117.601,136.507,103.38,0.009,-0.007,,2022/5/27,10:54:35,D:\ADVANTECH\B19AK10AI23-10AI_KYSPI\BCM-949510AI013.mdb,50,220,50,220,50,220,0.3292,0.3252,105A530003,GOOD,,1,
R396,120.165,137.461,104.901,0.008,-0.006,,2022/5/27,10:54:35,D:\ADVANTECH\B19AK10AI23-10AI_KYSPI\BCM-949510AI013.mdb,50,220,50,220,50,220,0.3292,0.3252,105A530003,GOOD,,2,
R397,116.793,136.472,102.696,0.006,-0.006,,2022/5/27,10:54:35,D:\ADVANTECH\B19AK10AI23-10AI_KYSPI\BCM-949510AI013.mdb,50,220,50,220,50,220,0.3292,0.3252,105A530003,GOOD,,1,
R397,114.649,132.016,104.214,-0.005,-0.006,,2022/5/27,10:54:35,D:\ADVANTECH\B19AK10AI23-10AI_KYSPI\BCM-949510AI013.mdb,50,220,50,220,50,220,0.3292,0.3252,105A530003,GOOD,,2,
R398,118.842,137.12,104.004,0.007,-0.009,,2022/5/27,10:54:35,D:\ADVANTECH\B19AK10AI23-10AI_KYSPI\BCM-949510AI013.mdb,50,220,50,220,50,220,0.3292,0.3252,105A530003,GOOD,,1,
R398,116.773,133.099,105.281,-0.004,-0.009,,2022/5/27,10:54:35,D:\ADVANTECH\B19AK10AI23-10AI_KYSPI\BCM-949510AI013.mdb,50,220,50,220,50,220,0.3292,0.3252,105A530003,GOOD,,2,
R399,116.227,134.417,103.761,0.011,-0.004,,2022/5/27,10:54:35,D:\ADVANTECH\B19AK10AI23-10AI_KYSPI\BCM-949510AI013.mdb,50,220,50,220,50,220,0.3292,0.3252,105A530003,GOOD,,1,
R399,120.635,138.077,104.842,0.001,-0.003,,2022/5/27,10:54:35,D:\ADVANTECH\B19AK10AI23-10AI_KYSPI\BCM-949510AI013.mdb,50,220,50,220,50,220,0.3292,0.3252,105A530003,GOOD,,2,
R400,116.032,136.503,102.003,0.009,-0.002,,2022/5/27,10:54:35,D:\ADVANTECH\B19AK10AI23-10AI_KYSPI\BCM-949510AI013.mdb,50,220,50,220,50,220,0.3292,0.3252,105A530003,GOOD,,1,
R400,117.247,133.612,105.302,0.006,-0.002,,2022/5/27,10:54:35,D:\ADVANTECH\B19AK10AI23-10AI_KYSPI\BCM-949510AI013.mdb,50,220,50,220,50,220,0.3292,0.3252,105A530003,GOOD,,2,
R411,111.144,127.56,104.557,0.012,0.003,,2022/5/27,10:54:35,D:\ADVANTECH\B19AK10AI23-10AI_KYSPI\BCM-949510AI013.mdb,50,220,50,220,50,220,0.3252,0.3292,105A515003,GOOD,,1,
R411,118.206,135.477,104.702,0.013,0.005,,2022/5/27,10:54:35,D:\ADVANTECH\B19AK10AI23-10AI_KYSPI\BCM-949510AI013.mdb,50,220,50,220,50,220,0.3252,0.3292,105A515003,GOOD,,2,
R412,114.585,140.492,97.871,0.003,-0.001,,2022/5/27,10:54:35,D:\ADVANTECH\B19AK10AI23-10AI_KYSPI\BCM-949510AI013.mdb,50,220,50,220,50,220,0.254,0.2032,105A52206A,GOOD,,1,
R412,115.589,143.471,96.679,0.013,-0.002,,2022/5/27,10:54:35,D:\ADVANTECH\B19AK10AI23-10AI_KYSPI\BCM-949510AI013.mdb,50,220,50,220,50,220,0.254,0.2032,105A52206A,GOOD,,2,
R415,122.543,141.663,103.804,0.012,-0.005,,2022/5/27,10:54:35,D:\ADVANTECH\B19AK10AI23-10AI_KYSPI\BCM-949510AI013.mdb,50,220,50,220,50,220,0.3292,0.3252,105A510013,GOOD,,1,
R415,121.951,141.267,103.592,0.02,0.006,,2022/5/27,10:54:35,D:\ADVANTECH\B19AK10AI23-10AI_KYSPI\BCM-949510AI013.mdb,50,220,50,220,50,220,0.3292,0.3252,105A510013,GOOD,,2,
R421,114.985,129.013,106.953,0.012,-0.001,,2022/5/27,10:54:35,D:\ADVANTECH\B19AK10AI23-10AI_KYSPI\BCM-949510AI013.mdb,50,220,50,220,50,220,0.3252,0.3292,105A530003,GOOD,,1,
R421,108.6,124.819,104.407,0.003,0.005,,2022/5/27,10:54:35,D:\ADVANTECH\B19AK10AI23-10AI_KYSPI\BCM-949510AI013.mdb,50,220,50,220,50,220,0.3252,0.3292,105A530003,GOOD,,2,
R422,119.31,137.667,103.999,0.01,0.004,,2022/5/27,10:54:35,D:\ADVANTECH\B19AK10AI23-10AI_KYSPI\BCM-949510AI013.mdb,50,220,50,220,50,220,0.3292,0.3252,105A530003,GOOD,,1,
R422,117.815,135.352,104.452,0.005,0.003,,2022/5/27,10:54:35,D:\ADVANTECH\B19AK10AI23-10AI_KYSPI\BCM-949510AI013.mdb,50,220,50,220,50,220,0.3292,0.3252,105A530003,GOOD,,2,
R423,110.959,126.844,104.973,0.008,-0.003,,2022/5/27,10:54:35,D:\ADVANTECH\B19AK10AI23-10AI_KYSPI\BCM-949510AI013.mdb,50,220,50,220,50,220,0.3252,0.3292,105A530003,GOOD,,1,
R423,119.871,134.478,106.966,0.012,-0.002,,2022/5/27,10:54:35,D:\ADVANTECH\B19AK10AI23-10AI_KYSPI\BCM-949510AI013.mdb,50,220,50,220,50,220,0.3252,0.3292,105A530003,GOOD,,2,
R424,124.281,141.787,105.184,0.004,0.004,,2022/5/27,10:54:35,D:\ADVANTECH\B19AK10AI23-10AI_KYSPI\BCM-949510AI013.mdb,50,220,50,220,50,220,0.3292,0.3252,105A510013,GOOD,,1,
R424,116.854,134.966,103.897,0.007,0.003,,2022/5/27,10:54:35,D:\ADVANTECH\B19AK10AI23-10AI_KYSPI\BCM-949510AI013.mdb,50,220,50,220,50,220,0.3292,0.3252,105A510013,GOOD,,2,
R425,121.405,137.296,106.111,0.011,0.007,,2022/5/27,10:54:35,D:\ADVANTECH\B19AK10AI23-10AI_KYSPI\BCM-949510AI013.mdb,50,220,50,220,50,220,0.3252,0.3292,105A530003,GOOD,,1,
R425,124.926,139.355,107.575,0.011,0.002,,2022/5/27,10:54:35,D:\ADVANTECH\B19AK10AI23-10AI_KYSPI\BCM-949510AI013.mdb,50,220,50,220,50,220,0.3252,0.3292,105A530003,GOOD,,2,
R427,121.775,136.488,107.065,0.004,0.004,,2022/5/27,10:54:35,D:\ADVANTECH\B19AK10AI23-10AI_KYSPI\BCM-949510AI013.mdb,50,220,50,220,50,220,0.3252,0.3292,105A530003,GOOD,,1,
R427,115.15,131.876,104.78,0.003,0.002,,2022/5/27,10:54:35,D:\ADVANTECH\B19AK10AI23-10AI_KYSPI\BCM-949510AI013.mdb,50,220,50,220,50,220,0.3252,0.3292,105A530003,GOOD,,2,
R430,123.917,141.081,105.401,0.005,-0.01,,2022/5/27,10:54:35,D:\ADVANTECH\B19AK10AI23-10AI_KYSPI\BCM-949510AI013.mdb,50,220,50,220,50,220,0.3292,0.3252,105A530003,GOOD,,1,
R430,121.074,140.084,103.716,0.012,-0.011,,2022/5/27,10:54:35,D:\ADVANTECH\B19AK10AI23-10AI_KYSPI\BCM-949510AI013.mdb,50,220,50,220,50,220,0.3292,0.3252,105A530003,GOOD,,2,
R434,122.776,138.673,106.244,0.009,0.004,,2022/5/27,10:54:35,D:\ADVANTECH\B19AK10AI23-10AI_KYSPI\BCM-949510AI013.mdb,50,220,50,220,50,220,0.3252,0.3292,1000000569,GOOD,,1,
R434,113.593,132.471,102.899,0.007,0.009,,2022/5/27,10:54:35,D:\ADVANTECH\B19AK10AI23-10AI_KYSPI\BCM-949510AI013.mdb,50,220,50,220,50,220,0.3252,0.3292,1000000569,GOOD,,2,
R435,117.051,139.076,100.996,0.001,0,,2022/5/27,10:54:35,D:\ADVANTECH\B19AK10AI23-10AI_KYSPI\BCM-949510AI013.mdb,50,220,50,220,50,220,0.254,0.2032,105A51302B,GOOD,,1,
R435,108.46,128.941,100.939,0.005,0,,2022/5/27,10:54:35,D:\ADVANTECH\B19AK10AI23-10AI_KYSPI\BCM-949510AI013.mdb,50,220,50,220,50,220,0.254,0.2032,105A51302B,GOOD,,2,
R449,118.76,134.061,106.304,0.008,0.004,,2022/5/27,10:54:35,D:\ADVANTECH\B19AK10AI23-10AI_KYSPI\BCM-949510AI013.mdb,50,220,50,220,50,220,0.3252,0.3292,105A515003,GOOD,,1,
R449,103.437,121.09,102.506,0.006,0.002,,2022/5/27,10:54:35,D:\ADVANTECH\B19AK10AI23-10AI_KYSPI\BCM-949510AI013.mdb,50,220,50,220,50,220,0.3252,0.3292,105A515003,GOOD,,2,
R455,121.148,138.725,104.796,0.001,0.003,,2022/5/27,10:54:35,D:\ADVANTECH\B19AK10AI23-10AI_KYSPI\BCM-949510AI013.mdb,50,220,50,220,50,220,0.3292,0.3252,105A530003,GOOD,,1,
R455,119.037,137.198,104.115,0.007,0.002,,2022/5/27,10:54:35,D:\ADVANTECH\B19AK10AI23-10AI_KYSPI\BCM-949510AI013.mdb,50,220,50,220,50,220,0.3292,0.3252,105A530003,GOOD,,2,
R456,114.7,132.9,103.567,0.008,0.004,,2022/5/27,10:54:35,D:\ADVANTECH\B19AK10AI23-10AI_KYSPI\BCM-949510AI013.mdb,50,220,50,220,50,220,0.6604,0.5184,1000000331,GOOD,,1,
R456,111.565,130.885,102.287,0.006,0.006,,2022/5/27,10:54:35,D:\ADVANTECH\B19AK10AI23-10AI_KYSPI\BCM-949510AI013.mdb,50,220,50,220,50,220,0.6604,0.5184,1000000331,GOOD,,2,
R460,116.708,134.228,104.337,0.004,0.001,,2022/5/27,10:54:35,D:\ADVANTECH\B19AK10AI23-10AI_KYSPI\BCM-949510AI013.mdb,50,220,50,220,50,220,0.254,0.2032,105A50330A,GOOD,,1,
R460,117.763,133.349,105.975,0.005,0,,2022/5/27,10:54:35,D:\ADVANTECH\B19AK10AI23-10AI_KYSPI\BCM-949510AI013.mdb,50,220,50,220,50,220,0.254,0.2032,105A50330A,GOOD,,2,
R465,116.222,131.878,105.755,0.006,0.007,,2022/5/27,10:54:35,D:\ADVANTECH\B19AK10AI23-10AI_KYSPI\BCM-949510AI013.mdb,50,220,50,220,50,220,0.3252,0.3292,105A551003,GOOD,,1,
R465,122.195,139.322,105.248,0.007,0.008,,2022/5/27,10:54:35,D:\ADVANTECH\B19AK10AI23-10AI_KYSPI\BCM-949510AI013.mdb,50,220,50,220,50,220,0.3252,0.3292,105A551003,GOOD,,2,
R468,115.438,132.788,104.321,0.007,-0.009,,2022/5/27,10:54:35,D:\ADVANTECH\B19AK10AI23-10AI_KYSPI\BCM-949510AI013.mdb,50,220,50,220,50,220,0.4776,0.4584,1059700001,GOOD,,1,
R468,113.372,127.972,106.31,-0.004,-0.008,,2022/5/27,10:54:35,D:\ADVANTECH\B19AK10AI23-10AI_KYSPI\BCM-949510AI013.mdb,50,220,50,220,50,220,0.4776,0.4584,1059700001,GOOD,,2,
R470,117.627,133.262,105.921,0,0.001,,2022/5/27,10:54:35,D:\ADVANTECH\B19AK10AI23-10AI_KYSPI\BCM-949510AI013.mdb,50,220,50,220,50,220,0.4776,0.4584,1059536001,GOOD,,1,
R470,115.415,131.664,105.191,0.002,0,,2022/5/27,10:54:35,D:\ADVANTECH\B19AK10AI23-10AI_KYSPI\BCM-949510AI013.mdb,50,220,50,220,50,220,0.4776,0.4584,1059536001,GOOD,,2,
R472,113.644,131.438,103.755,-0.007,-0.004,,2022/5/27,10:54:35,D:\ADVANTECH\B19AK10AI23-10AI_KYSPI\BCM-949510AI013.mdb,50,220,50,220,50,220,0.254,0.2032,105A510014,GOOD,,1,
R472,122.933,138.591,106.443,0.009,-0.005,,2022/5/27,10:54:35,D:\ADVANTECH\B19AK10AI23-10AI_KYSPI\BCM-949510AI013.mdb,50,220,50,220,50,220,0.254,0.2032,105A510014,GOOD,,2,
R474,117.751,133.251,106.041,0.002,-0.008,,2022/5/27,10:54:35,D:\ADVANTECH\B19AK10AI23-10AI_KYSPI\BCM-949510AI013.mdb,50,220,50,220,50,220,0.254,0.2032,105A510014,GOOD,,1,
R474,120.47,138.355,104.488,0.008,-0.008,,2022/5/27,10:54:35,D:\ADVANTECH\B19AK10AI23-10AI_KYSPI\BCM-949510AI013.mdb,50,220,50,220,50,220,0.254,0.2032,105A510014,GOOD,,2,
R575,122.164,137.726,106.441,0.008,0,,2022/5/27,10:54:35,D:\ADVANTECH\B19AK10AI23-10AI_KYSPI\BCM-949510AI013.mdb,50,220,50,220,50,220,0.2032,0.254,105A50330A,GOOD,,1,
R575,122.191,136.561,107.372,0.01,0.003,,2022/5/27,10:54:35,D:\ADVANTECH\B19AK10AI23-10AI_KYSPI\BCM-949510AI013.mdb,50,220,50,220,50,220,0.2032,0.254,105A50330A,GOOD,,2,
R580,115.321,137.252,100.825,0.032,-0.004,,2022/5/27,10:54:35,D:\ADVANTECH\B19AK10AI23-10AI_KYSPI\BCM-949510AI013.mdb,50,220,50,220,50,220,0.2032,0.254,1000008732,GOOD,,1,
R580,109.826,130.346,101.109,0.026,-0.008,,2022/5/27,10:54:35,D:\ADVANTECH\B19AK10AI23-10AI_KYSPI\BCM-949510AI013.mdb,50,220,50,220,50,220,0.2032,0.254,1000008732,GOOD,,2,
R584,121.295,133.243,109.24,0.01,0,,2022/5/27,10:54:35,D:\ADVANTECH\B19AK10AI23-10AI_KYSPI\BCM-949510AI013.mdb,50,220,50,220,50,220,0.254,0.2032,105A50330A,GOOD,,1,
R584,114.96,129.466,106.554,-0.001,-0.001,,2022/5/27,10:54:35,D:\ADVANTECH\B19AK10AI23-10AI_KYSPI\BCM-949510AI013.mdb,50,220,50,220,50,220,0.254,0.2032,105A50330A,GOOD,,2,
,110.154,127.838,103.4,-0.003,0.001,,2022/5/27,10:54:35,D:\ADVANTECH\B19AK10AI23-10AI_KYSPI\BCM-949510AI013.mdb,50,220,50,220,50,220,2.042,0.8276,PART56,GOOD,,,
,114.824,135.107,101.985,-0.002,-0.006,,2022/5/27,10:54:35,D:\ADVANTECH\B19AK10AI23-10AI_KYSPI\BCM-949510AI013.mdb,50,220,50,220,50,220,2.042,0.8276,PART57,GOOD,,,
,97.748,116.388,100.782,0.005,-0.004,,2022/5/27,10:54:35,D:\ADVANTECH\B19AK10AI23-10AI_KYSPI\BCM-949510AI013.mdb,50,220,50,220,50,220,0.8276,2.042,PART58,GOOD,,,
,104.811,121.35,103.644,-0.004,0.003,,2022/5/27,10:54:35,D:\ADVANTECH\B19AK10AI23-10AI_KYSPI\BCM-949510AI013.mdb,50,220,50,220,50,220,0.8276,2.042,PART56,GOOD,,,
,99.799,116.717,102.606,-0.008,0,,2022/5/27,10:54:35,D:\ADVANTECH\B19AK10AI23-10AI_KYSPI\BCM-949510AI013.mdb,50,220,50,220,50,220,0.8276,2.042,PART57,GOOD,,,
,99.695,118.143,101.262,-0.007,-0.006,,2022/5/27,10:54:35,D:\ADVANTECH\B19AK10AI23-10AI_KYSPI\BCM-949510AI013.mdb,50,220,50,220,50,220,0.8276,2.042,PART59,GOOD,,,
,114.118,134.012,102.186,0,-0.003,,2022/5/27,10:54:35,D:\ADVANTECH\B19AK10AI23-10AI_KYSPI\BCM-949510AI013.mdb,50,220,50,220,50,220,2.042,0.8276,PART57,GOOD,,,
,113.462,131.981,103.162,-0.001,0.004,,2022/5/27,10:54:35,D:\ADVANTECH\B19AK10AI23-10AI_KYSPI\BCM-949510AI013.mdb,50,220,50,220,50,220,2.042,0.8276,PART57,GOOD,,,
,117.993,138.791,102.018,0.015,-0.012,,2022/5/27,10:54:35,D:\ADVANTECH\B19AK10AI23-10AI_KYSPI\BCM-949510AI013.mdb,50,220,50,220,50,220,0.254,0.2032,PART60,GOOD,,,
,119.094,141.551,100.962,0.027,-0.012,,2022/5/27,10:54:35,D:\ADVANTECH\B19AK10AI23-10AI_KYSPI\BCM-949510AI013.mdb,50,220,50,220,50,220,0.254,0.2032,PART60,GOOD,,,
,105.893,130.372,97.468,0.019,0.001,,2022/5/27,10:54:35,D:\ADVANTECH\B19AK10AI23-10AI_KYSPI\BCM-949510AI013.mdb,50,220,50,220,50,220,0.2032,0.254,PART60,GOOD,,,
,109.282,130.23,100.697,0.025,0,,2022/5/27,10:54:35,D:\ADVANTECH\B19AK10AI23-10AI_KYSPI\BCM-949510AI013.mdb,50,220,50,220,50,220,0.2032,0.254,PART60,GOOD,,,
,110.931,133.179,99.954,0.024,-0.002,,2022/5/27,10:54:35,D:\ADVANTECH\B19AK10AI23-10AI_KYSPI\BCM-949510AI013.mdb,50,220,50,220,50,220,0.2032,0.254,PART60,GOOD,,,
,109.896,135.065,97.638,0.029,-0.002,,2022/5/27,10:54:35,D:\ADVANTECH\B19AK10AI23-10AI_KYSPI\BCM-949510AI013.mdb,50,220,50,220,50,220,0.2032,0.254,PART60,GOOD,,,
,120.134,135.134,106.68,0.005,0,,2022/5/27,10:54:35,D:\ADVANTECH\B19AK10AI23-10AI_KYSPI\BCM-949510AI013.mdb,50,220,50,220,50,220,0.254,0.2032,PART60,GOOD,,,
,115.325,130.945,105.686,0.012,-0.002,,2022/5/27,10:54:35,D:\ADVANTECH\B19AK10AI23-10AI_KYSPI\BCM-949510AI013.mdb,50,220,50,220,50,220,0.254,0.2032,PART60,GOOD,,,
,113.529,126.079,108.055,0.011,0.001,,2022/5/27,10:54:35,D:\ADVANTECH\B19AK10AI23-10AI_KYSPI\BCM-949510AI013.mdb,50,220,50,220,50,220,0.2032,0.254,PART60,GOOD,,,
,112.958,127.534,106.284,0.016,-0.002,,2022/5/27,10:54:35,D:\ADVANTECH\B19AK10AI23-10AI_KYSPI\BCM-949510AI013.mdb,50,220,50,220,50,220,0.2032,0.254,PART60,GOOD,,,
,112.065,130.059,103.398,0.003,-0.002,,2022/5/27,10:54:35,D:\ADVANTECH\B19AK10AI23-10AI_KYSPI\BCM-949510AI013.mdb,50,220,50,220,50,220,0.3252,0.3292,PART61,GOOD,,,
,116.425,135.143,103.38,-0.003,-0.005,,2022/5/27,10:54:35,D:\ADVANTECH\B19AK10AI23-10AI_KYSPI\BCM-949510AI013.mdb,50,220,50,220,50,220,0.4584,0.4776,PART62,GOOD,,,
,114.88,134.279,102.664,0.003,-0.006,,2022/5/27,10:54:35,D:\ADVANTECH\B19AK10AI23-10AI_KYSPI\BCM-949510AI013.mdb,50,220,50,220,50,220,0.4584,0.4776,PART62,GOOD,,,
,82.869,95.476,104.154,-0.011,0.004,,2022/5/27,10:54:35,D:\ADVANTECH\B19AK10AI23-10AI_KYSPI\BCM-949510AI013.mdb,50,220,50,220,50,220,0.2032,0.3508,PART63,GOOD,,,
,87.808,100.571,104.771,-0.003,0.004,,2022/5/27,10:54:35,D:\ADVANTECH\B19AK10AI23-10AI_KYSPI\BCM-949510AI013.mdb,50,220,50,220,50,220,0.2032,0.3508,PART64,GOOD,,,
,119.439,134.907,106.241,0.007,0,,2022/5/27,10:54:35,D:\ADVANTECH\B19AK10AI23-10AI_KYSPI\BCM-949510AI013.mdb,50,220,50,220,50,220,0.3252,0.3292,PART61,GOOD,,,
,94.639,105.742,107.4,-0.003,0.002,,2022/5/27,10:54:35,D:\ADVANTECH\B19AK10AI23-10AI_KYSPI\BCM-949510AI013.mdb,50,220,50,220,50,220,0.2032,0.3508,PART65,GOOD,,,
,88.505,102.224,103.895,-0.012,0.002,,2022/5/27,10:54:35,D:\ADVANTECH\B19AK10AI23-10AI_KYSPI\BCM-949510AI013.mdb,50,220,50,220,50,220,0.2032,0.3508,PART66,GOOD,,,
,113.253,130.661,104.012,-0.002,-0.006,,2022/5/27,10:54:35,D:\ADVANTECH\B19AK10AI23-10AI_KYSPI\BCM-949510AI013.mdb,50,220,50,220,50,220,0.3544,0.3252,PART67,GOOD,,,
,113.76,133.589,102.188,-0.001,-0.007,,2022/5/27,10:54:35,D:\ADVANTECH\B19AK10AI23-10AI_KYSPI\BCM-949510AI013.mdb,50,220,50,220,50,220,0.3544,0.3252,PART67,GOOD,,,
,113.758,129.342,105.541,0,0.002,,2022/5/27,10:54:35,D:\ADVANTECH\B19AK10AI23-10AI_KYSPI\BCM-949510AI013.mdb,50,220,50,220,50,220,0.2032,0.254,PART60,GOOD,,,
,95.885,106.562,107.977,-0.011,0.001,,2022/5/27,10:54:35,D:\ADVANTECH\B19AK10AI23-10AI_KYSPI\BCM-949510AI013.mdb,50,220,50,220,50,220,0.2032,0.4268,PART68,GOOD,,,
,94.262,102.874,109.955,-0.004,0.001,,2022/5/27,10:54:35,D:\ADVANTECH\B19AK10AI23-10AI_KYSPI\BCM-949510AI013.mdb,50,220,50,220,50,220,0.2032,0.4268,PART69,GOOD,,,
,115.687,131.744,105.374,0.008,0,,2022/5/27,10:54:35,D:\ADVANTECH\B19AK10AI23-10AI_KYSPI\BCM-949510AI013.mdb,50,220,50,220,50,220,0.2032,0.254,PART60,GOOD,,,
,103.679,111.065,112.02,-0.011,0.004,,2022/5/27,10:54:35,D:\ADVANTECH\B19AK10AI23-10AI_KYSPI\BCM-949510AI013.mdb,50,220,50,220,50,220,0.2032,0.4272,PART70,GOOD,,,
,93.081,107.992,103.432,-0.004,0.004,,2022/5/27,10:54:35,D:\ADVANTECH\B19AK10AI23-10AI_KYSPI\BCM-949510AI013.mdb,50,220,50,220,50,220,0.2032,0.4272,PART71,GOOD,,,
,109.743,123.226,106.87,0.013,-0.006,,2022/5/27,10:54:35,D:\ADVANTECH\B19AK10AI23-10AI_KYSPI\BCM-949510AI013.mdb,50,220,50,220,50,220,0.2032,0.254,PART60,GOOD,,,
,125.249,138.154,108.791,0.006,0,,2022/5/27,10:54:35,D:\ADVANTECH\B19AK10AI23-10AI_KYSPI\BCM-949510AI013.mdb,50,220,50,220,50,220,0.254,0.2032,PART60,GOOD,,,
,118.704,131.969,107.939,0.004,-0.002,,2022/5/27,10:54:35,D:\ADVANTECH\B19AK10AI23-10AI_KYSPI\BCM-949510AI013.mdb,50,220,50,220,50,220,0.254,0.2032,PART60,GOOD,,,
,127.721,147.345,104.017,0,-0.003,,2022/5/27,10:54:35,D:\ADVANTECH\B19AK10AI23-10AI_KYSPI\BCM-949510AI013.mdb,50,220,50,220,50,220,0.508,0.3252,PART72,GOOD,,,
,115.527,129.488,107.062,0.018,-0.009,,2022/5/27,10:54:35,D:\ADVANTECH\B19AK10AI23-10AI_KYSPI\BCM-949510AI013.mdb,50,220,50,220,50,220,0.2032,0.254,PART60,GOOD,,,
,102.031,112.951,108.399,-0.001,0.006,,2022/5/27,10:54:35,D:\ADVANTECH\B19AK10AI23-10AI_KYSPI\BCM-949510AI013.mdb,50,220,50,220,50,220,0.2032,0.3508,PART64,GOOD,,,
,96.167,107.589,107.26,-0.009,0.005,,2022/5/27,10:54:35,D:\ADVANTECH\B19AK10AI23-10AI_KYSPI\BCM-949510AI013.mdb,50,220,50,220,50,220,0.2032,0.3508,PART63,GOOD,,,
,116.834,129.468,108.29,0.01,0.003,,2022/5/27,10:54:35,D:\ADVANTECH\B19AK10AI23-10AI_KYSPI\BCM-949510AI013.mdb,50,220,50,220,50,220,0.2032,0.254,PART60,GOOD,,,
,118.45,133.419,106.536,0.013,0.004,,2022/5/27,10:54:35,D:\ADVANTECH\B19AK10AI23-10AI_KYSPI\BCM-949510AI013.mdb,50,220,50,220,50,220,0.2032,0.254,PART60,GOOD,,,
,120.624,139.741,103.584,0.001,-0.003,,2022/5/27,10:54:35,D:\ADVANTECH\B19AK10AI23-10AI_KYSPI\BCM-949510AI013.mdb,50,220,50,220,50,220,0.254,0.2032,PART60,GOOD,,,
,117.817,134.951,104.764,0.014,-0.004,,2022/5/27,10:54:35,D:\ADVANTECH\B19AK10AI23-10AI_KYSPI\BCM-949510AI013.mdb,50,220,50,220,50,220,0.254,0.2032,PART60,GOOD,,,
,127.717,145.724,105.172,0,0,,2022/5/27,10:54:35,D:\ADVANTECH\B19AK10AI23-10AI_KYSPI\BCM-949510AI013.mdb,50,220,50,220,50,220,0.508,0.3252,PART72,GOOD,,,
,113.466,131.049,103.899,0.006,0.001,,2022/5/27,10:54:35,D:\ADVANTECH\B19AK10AI23-10AI_KYSPI\BCM-949510AI013.mdb,50,220,50,220,50,220,0.2032,0.254,PART60,GOOD,,,
,114.88,131.477,104.852,0.008,0.001,,2022/5/27,10:54:35,D:\ADVANTECH\B19AK10AI23-10AI_KYSPI\BCM-949510AI013.mdb,50,220,50,220,50,220,0.2032,0.254,PART60,GOOD,,,
,96.467,110.027,105.211,-0.009,0.003,,2022/5/27,10:54:35,D:\ADVANTECH\B19AK10AI23-10AI_KYSPI\BCM-949510AI013.mdb,50,220,50,220,50,220,0.2032,0.3508,PART73,GOOD,,,
,103.927,111.754,111.596,0,0.004,,2022/5/27,10:54:35,D:\ADVANTECH\B19AK10AI23-10AI_KYSPI\BCM-949510AI013.mdb,50,220,50,220,50,220,0.2032,0.3508,PART65,GOOD,,,
,130.647,149.653,104.76,0.004,-0.005,,2022/5/27,10:54:35,D:\ADVANTECH\B19AK10AI23-10AI_KYSPI\BCM-949510AI013.mdb,50,220,50,220,50,220,0.508,0.3252,PART72,GOOD,,,
,123.635,141.968,104.504,-0.001,0.003,,2022/5/27,10:54:35,D:\ADVANTECH\B19AK10AI23-10AI_KYSPI\BCM-949510AI013.mdb,50,220,50,220,50,220,0.3292,0.3252,PART61,GOOD,,,
,120.434,141.754,101.952,0.008,0.002,,2022/5/27,10:54:35,D:\ADVANTECH\B19AK10AI23-10AI_KYSPI\BCM-949510AI013.mdb,50,220,50,220,50,220,0.3292,0.3252,PART61,GOOD,,,
,128.168,143.738,107.002,0.001,-0.004,,2022/5/27,10:54:35,D:\ADVANTECH\B19AK10AI23-10AI_KYSPI\BCM-949510AI013.mdb,50,220,50,220,50,220,0.254,0.2032,PART60,GOOD,,,
,126.057,140.772,107.457,0.014,-0.004,,2022/5/27,10:54:35,D:\ADVANTECH\B19AK10AI23-10AI_KYSPI\BCM-949510AI013.mdb,50,220,50,220,50,220,0.254,0.2032,PART60,GOOD,,,
,115.094,131.384,105.121,0.011,-0.002,,2022/5/27,10:54:35,D:\ADVANTECH\B19AK10AI23-10AI_KYSPI\BCM-949510AI013.mdb,50,220,50,220,50,220,0.254,0.2032,PART60,GOOD,,,
,110.305,127.886,103.503,0.008,-0.002,,2022/5/27,10:54:35,D:\ADVANTECH\B19AK10AI23-10AI_KYSPI\BCM-949510AI013.mdb,50,220,50,220,50,220,0.254,0.2032,PART60,GOOD,,,
,118.647,132.619,107.358,0.009,-0.003,,2022/5/27,10:54:35,D:\ADVANTECH\B19AK10AI23-10AI_KYSPI\BCM-949510AI013.mdb,50,220,50,220,50,220,0.2032,0.254,PART60,GOOD,,,
,115.383,135.571,102.131,0.011,-0.006,,2022/5/27,10:54:35,D:\ADVANTECH\B19AK10AI23-10AI_KYSPI\BCM-949510AI013.mdb,50,220,50,220,50,220,0.2032,0.254,PART60,GOOD,,,
,110.465,123.901,106.987,0.006,-0.004,,2022/5/27,10:54:35,D:\ADVANTECH\B19AK10AI23-10AI_KYSPI\BCM-949510AI013.mdb,50,220,50,220,50,220,0.254,0.2032,PART60,GOOD,,,
,119.101,134.293,106.425,0.004,-0.005,,2022/5/27,10:54:35,D:\ADVANTECH\B19AK10AI23-10AI_KYSPI\BCM-949510AI013.mdb,50,220,50,220,50,220,0.254,0.2032,PART60,GOOD,,,
,125.767,141.304,106.805,0.027,-0.003,,2022/5/27,10:54:35,D:\ADVANTECH\B19AK10AI23-10AI_KYSPI\BCM-949510AI013.mdb,50,220,50,220,50,220,0.2032,0.254,PART60,GOOD,,,
,125.016,141.904,105.719,0.027,-0.005,,2022/5/27,10:54:35,D:\ADVANTECH\B19AK10AI23-10AI_KYSPI\BCM-949510AI013.mdb,50,220,50,220,50,220,0.2032,0.254,PART60,GOOD,,,
,122.182,140.071,104.674,0.012,0.006,,2022/5/27,10:54:35,D:\ADVANTECH\B19AK10AI23-10AI_KYSPI\BCM-949510AI013.mdb,50,220,50,220,50,220,0.254,0.2032,PART60,GOOD,,,
,119.433,135.687,105.625,0.016,0.004,,2022/5/27,10:54:35,D:\ADVANTECH\B19AK10AI23-10AI_KYSPI\BCM-949510AI013.mdb,50,220,50,220,50,220,0.254,0.2032,PART60,GOOD,,,
,119.384,129.979,110.219,-0.004,0.012,,2022/5/27,10:54:35,D:\ADVANTECH\B19AK10AI23-10AI_KYSPI\BCM-949510AI013.mdb,50,220,50,220,50,220,0.254,0.2032,PART60,GOOD,,,
,111.425,126.764,105.479,-0.004,0.012,,2022/5/27,10:54:35,D:\ADVANTECH\B19AK10AI23-10AI_KYSPI\BCM-949510AI013.mdb,50,220,50,220,50,220,0.254,0.2032,PART60,GOOD,,,
,113.25,128.799,105.514,0.008,0.003,,2022/5/27,10:54:35,D:\ADVANTECH\B19AK10AI23-10AI_KYSPI\BCM-949510AI013.mdb,50,220,50,220,50,220,0.254,0.2032,PART60,GOOD,,,
,125.124,142.018,105.725,0.019,0.002,,2022/5/27,10:54:35,D:\ADVANTECH\B19AK10AI23-10AI_KYSPI\BCM-949510AI013.mdb,50,220,50,220,50,220,0.254,0.2032,PART60,GOOD,,,
,125.396,142.279,105.761,0.005,0,,2022/5/27,10:54:35,D:\ADVANTECH\B19AK10AI23-10AI_KYSPI\BCM-949510AI013.mdb,50,220,50,220,50,220,0.254,0.2032,PART60,GOOD,,,
,118.849,136.057,104.822,-0.004,0,,2022/5/27,10:54:35,D:\ADVANTECH\B19AK10AI23-10AI_KYSPI\BCM-949510AI013.mdb,50,220,50,220,50,220,0.254,0.2032,PART60,GOOD,,,
,115.684,131.409,105.64,0,0.004,,2022/5/27,10:54:35,D:\ADVANTECH\B19AK10AI23-10AI_KYSPI\BCM-949510AI013.mdb,50,220,50,220,50,220,0.254,0.2032,PART60,GOOD,,,
,121.105,137.259,105.877,-0.004,0.004,,2022/5/27,10:54:35,D:\ADVANTECH\B19AK10AI23-10AI_KYSPI\BCM-949510AI013.mdb,50,220,50,220,50,220,0.254,0.2032,PART60,GOOD,,,
,119.985,132.663,108.532,0.003,0.008,,2022/5/27,10:54:35,D:\ADVANTECH\B19AK10AI23-10AI_KYSPI\BCM-949510AI013.mdb,50,220,50,220,50,220,0.2032,0.254,PART60,GOOD,,,
,120.645,132.329,109.405,0.004,0.007,,2022/5/27,10:54:35,D:\ADVANTECH\B19AK10AI23-10AI_KYSPI\BCM-949510AI013.mdb,50,220,50,220,50,220,0.2032,0.254,PART60,GOOD,,,
,119.698,137.817,104.224,0.011,-0.01,,2022/5/27,10:54:35,D:\ADVANTECH\B19AK10AI23-10AI_KYSPI\BCM-949510AI013.mdb,50,220,50,220,50,220,0.254,0.2032,PART60,GOOD,,,
,113.511,128.344,106.132,-0.002,-0.009,,2022/5/27,10:54:35,D:\ADVANTECH\B19AK10AI23-10AI_KYSPI\BCM-949510AI013.mdb,50,220,50,220,50,220,0.254,0.2032,PART60,GOOD,,,
,124.652,137.503,108.785,0.009,0.006,,2022/5/27,10:54:35,D:\ADVANTECH\B19AK10AI23-10AI_KYSPI\BCM-949510AI013.mdb,50,220,50,220,50,220,0.2032,0.254,PART60,GOOD,,,
,122.101,139.106,105.331,-0.003,0.001,,2022/5/27,10:54:35,D:\ADVANTECH\B19AK10AI23-10AI_KYSPI\BCM-949510AI013.mdb,50,220,50,220,50,220,0.254,0.2032,PART60,GOOD,,,
,123.538,138.704,106.879,0.004,0,,2022/5/27,10:54:35,D:\ADVANTECH\B19AK10AI23-10AI_KYSPI\BCM-949510AI013.mdb,50,220,50,220,50,220,0.254,0.2032,PART60,GOOD,,,
,119.947,137.851,104.415,0.001,0.005,,2022/5/27,10:54:35,D:\ADVANTECH\B19AK10AI23-10AI_KYSPI\BCM-949510AI013.mdb,50,220,50,220,50,220,0.2032,0.254,PART60,GOOD,,,
,120.757,137.05,105.734,0.006,0.005,,2022/5/27,10:54:35,D:\ADVANTECH\B19AK10AI23-10AI_KYSPI\BCM-949510AI013.mdb,50,220,50,220,50,220,0.2032,0.254,PART60,GOOD,,,
,124.957,138.512,108.257,0.008,0.003,,2022/5/27,10:54:35,D:\ADVANTECH\B19AK10AI23-10AI_KYSPI\BCM-949510AI013.mdb,50,220,50,220,50,220,0.2032,0.254,PART60,GOOD,,,
,115.828,133.593,104.043,0.003,-0.003,,2022/5/27,10:54:35,D:\ADVANTECH\B19AK10AI23-10AI_KYSPI\BCM-949510AI013.mdb,50,220,50,220,50,220,0.254,0.2032,PART60,GOOD,,,
,115.102,130.775,105.618,0.007,-0.003,,2022/5/27,10:54:35,D:\ADVANTECH\B19AK10AI23-10AI_KYSPI\BCM-949510AI013.mdb,50,220,50,220,50,220,0.254,0.2032,PART60,GOOD,,,
,111.652,129.872,103.165,0.002,0.006,,2022/5/27,10:54:35,D:\ADVANTECH\B19AK10AI23-10AI_KYSPI\BCM-949510AI013.mdb,50,220,50,220,50,220,0.254,0.2032,PART60,GOOD,,,
,117.164,138.632,101.418,-0.001,0.005,,2022/5/27,10:54:35,D:\ADVANTECH\B19AK10AI23-10AI_KYSPI\BCM-949510AI013.mdb,50,220,50,220,50,220,0.254,0.2032,PART60,GOOD,,,
,115.617,134.283,103.32,0.007,0,,2022/5/27,10:54:35,D:\ADVANTECH\B19AK10AI23-10AI_KYSPI\BCM-949510AI013.mdb,50,220,50,220,50,220,0.2032,0.254,PART60,GOOD,,,
,113.305,133.736,101.667,0.008,0.005,,2022/5/27,10:54:35,D:\ADVANTECH\B19AK10AI23-10AI_KYSPI\BCM-949510AI013.mdb,50,220,50,220,50,220,0.2032,0.254,PART60,GOOD,,,
,121.41,135.772,107.307,0.01,0.007,,2022/5/27,10:54:35,D:\ADVANTECH\B19AK10AI23-10AI_KYSPI\BCM-949510AI013.mdb,50,220,50,220,50,220,0.2032,0.254,PART60,GOOD,,,
,118.482,135.799,104.698,0.011,0.004,,2022/5/27,10:54:35,D:\ADVANTECH\B19AK10AI23-10AI_KYSPI\BCM-949510AI013.mdb,50,220,50,220,50,220,0.2032,0.254,PART60,GOOD,,,
,118.058,135.045,104.906,0.011,-0.001,,2022/5/27,10:54:35,D:\ADVANTECH\B19AK10AI23-10AI_KYSPI\BCM-949510AI013.mdb,50,220,50,220,50,220,0.2032,0.254,PART60,GOOD,,,
,119.276,135.866,105.347,0.014,-0.002,,2022/5/27,10:54:35,D:\ADVANTECH\B19AK10AI23-10AI_KYSPI\BCM-949510AI013.mdb,50,220,50,220,50,220,0.2032,0.254,PART60,GOOD,,,
,116.491,132.976,105.124,0.01,-0.003,,2022/5/27,10:54:35,D:\ADVANTECH\B19AK10AI23-10AI_KYSPI\BCM-949510AI013.mdb,50,220,50,220,50,220,0.2032,0.254,PART60,GOOD,,,
,117.091,136.146,103.205,0.01,-0.004,,2022/5/27,10:54:35,D:\ADVANTECH\B19AK10AI23-10AI_KYSPI\BCM-949510AI013.mdb,50,220,50,220,50,220,0.2032,0.254,PART60,GOOD,,,
,116.318,135.045,103.359,0.008,-0.005,,2022/5/27,10:54:35,D:\ADVANTECH\B19AK10AI23-10AI_KYSPI\BCM-949510AI013.mdb,50,220,50,220,50,220,0.2032,0.254,PART60,GOOD,,,
,118.999,136.991,104.239,0.017,-0.005,,2022/5/27,10:54:35,D:\ADVANTECH\B19AK10AI23-10AI_KYSPI\BCM-949510AI013.mdb,50,220,50,220,50,220,0.2032,0.254,PART60,GOOD,,,
,109.242,130.855,100.18,0.003,-0.003,,2022/5/27,10:54:35,D:\ADVANTECH\B19AK10AI23-10AI_KYSPI\BCM-949510AI013.mdb,50,220,50,220,50,220,1.0972,0.9436,PART74,GOOD,,,
,112.89,132.902,101.931,-0.006,0.004,,2022/5/27,10:54:35,D:\ADVANTECH\B19AK10AI23-10AI_KYSPI\BCM-949510AI013.mdb,50,220,50,220,50,220,0.8712,1.26,PART75,GOOD,,,
,110.612,130.959,101.356,-0.001,0.001,,2022/5/27,10:54:35,D:\ADVANTECH\B19AK10AI23-10AI_KYSPI\BCM-949510AI013.mdb,50,220,50,220,50,220,0.8712,1.26,PART75,GOOD,,,
,116.263,134.007,104.111,-0.003,-0.006,,2022/5/27,10:54:35,D:\ADVANTECH\B19AK10AI23-10AI_KYSPI\BCM-949510AI013.mdb,50,220,50,220,50,220,0.4776,0.4584,PART62,GOOD,,,
,113.993,128.51,106.444,0.003,-0.002,,2022/5/27,10:54:35,D:\ADVANTECH\B19AK10AI23-10AI_KYSPI\BCM-949510AI013.mdb,50,220,50,220,50,220,0.2032,0.254,PART60,GOOD,,,
,112.528,127.326,106.053,0.007,-0.003,,2022/5/27,10:54:35,D:\ADVANTECH\B19AK10AI23-10AI_KYSPI\BCM-949510AI013.mdb,50,220,50,220,50,220,0.2032,0.254,PART60,GOOD,,,
,120.562,139.166,103.958,0.013,-0.003,,2022/5/27,10:54:35,D:\ADVANTECH\B19AK10AI23-10AI_KYSPI\BCM-949510AI013.mdb,50,220,50,220,50,220,0.2032,0.254,PART60,GOOD,,,
,125.73,144.255,104.59,0.013,-0.004,,2022/5/27,10:54:35,D:\ADVANTECH\B19AK10AI23-10AI_KYSPI\BCM-949510AI013.mdb,50,220,50,220,50,220,0.2032,0.254,PART60,GOOD,,,
,119.859,136.628,105.272,0.011,-0.005,,2022/5/27,10:54:35,D:\ADVANTECH\B19AK10AI23-10AI_KYSPI\BCM-949510AI013.mdb,50,220,50,220,50,220,0.2032,0.254,PART60,GOOD,,,
,118.21,134.541,105.434,0.01,-0.005,,2022/5/27,10:54:35,D:\ADVANTECH\B19AK10AI23-10AI_KYSPI\BCM-949510AI013.mdb,50,220,50,220,50,220,0.2032,0.254,PART60,GOOD,,,
,120.595,140.686,102.864,0.013,-0.006,,2022/5/27,10:54:35,D:\ADVANTECH\B19AK10AI23-10AI_KYSPI\BCM-949510AI013.mdb,50,220,50,220,50,220,0.2032,0.254,PART60,GOOD,,,
,125.653,141.586,106.496,0.013,0.001,,2022/5/27,10:54:35,D:\ADVANTECH\B19AK10AI23-10AI_KYSPI\BCM-949510AI013.mdb,50,220,50,220,50,220,0.2032,0.254,PART60,GOOD,,,
,118.224,133.721,106.094,0.007,-0.005,,2022/5/27,10:54:35,D:\ADVANTECH\B19AK10AI23-10AI_KYSPI\BCM-949510AI013.mdb,50,220,50,220,50,220,0.254,0.2032,PART60,GOOD,,,
,115.074,133.174,103.69,0.006,-0.004,,2022/5/27,10:54:35,D:\ADVANTECH\B19AK10AI23-10AI_KYSPI\BCM-949510AI013.mdb,50,220,50,220,50,220,0.254,0.2032,PART60,GOOD,,,
,115.999,134.59,103.425,0.008,-0.005,,2022/5/27,10:54:35,D:\ADVANTECH\B19AK10AI23-10AI_KYSPI\BCM-949510AI013.mdb,50,220,50,220,50,220,0.254,0.2032,PART60,GOOD,,,
,118.197,138.069,102.729,0.009,-0.006,,2022/5/27,10:54:35,D:\ADVANTECH\B19AK10AI23-10AI_KYSPI\BCM-949510AI013.mdb,50,220,50,220,50,220,0.254,0.2032,PART60,GOOD,,,
,124.442,143.994,103.706,0.006,-0.007,,2022/5/27,10:54:35,D:\ADVANTECH\B19AK10AI23-10AI_KYSPI\BCM-949510AI013.mdb,50,220,50,220,50,220,0.4776,0.4584,PART62,GOOD,,,
,119.727,136.341,105.378,0.009,-0.003,,2022/5/27,10:54:35,D:\ADVANTECH\B19AK10AI23-10AI_KYSPI\BCM-949510AI013.mdb,50,220,50,220,50,220,0.2032,0.254,PART60,GOOD,,,
,116.553,137.014,102.08,-0.004,0.006,,2022/5/27,10:54:35,D:\ADVANTECH\B19AK10AI23-10AI_KYSPI\BCM-949510AI013.mdb,50,220,50,220,50,220,0.8712,1.26,PART75,GOOD,,,
,111.034,131.215,101.544,0.001,0.003,,2022/5/27,10:54:35,D:\ADVANTECH\B19AK10AI23-10AI_KYSPI\BCM-949510AI013.mdb,50,220,50,220,50,220,0.8712,1.26,PART75,GOOD,,,
,121.894,140.098,104.407,0,0.006,,2022/5/27,10:54:35,D:\ADVANTECH\B19AK10AI23-10AI_KYSPI\BCM-949510AI013.mdb,50,220,50,220,50,220,0.4048,0.3248,PART76,GOOD,,,
,114.046,135.762,100.806,0.005,0.006,,2022/5/27,10:54:35,D:\ADVANTECH\B19AK10AI23-10AI_KYSPI\BCM-949510AI013.mdb,50,220,50,220,50,220,0.4048,0.3248,PART76,GOOD,,,
,115.419,136.908,101.165,0.006,-0.003,,2022/5/27,10:54:35,D:\ADVANTECH\B19AK10AI23-10AI_KYSPI\BCM-949510AI013.mdb,50,220,50,220,50,220,1.0972,0.9436,PART74,GOOD,,,
,120.401,136.604,105.767,0.014,-0.005,,2022/5/27,10:54:35,D:\ADVANTECH\B19AK10AI23-10AI_KYSPI\BCM-949510AI013.mdb,50,220,50,220,50,220,0.2032,0.254,PART60,GOOD,,,
,117.332,137.64,102.295,0.007,-0.002,,2022/5/27,10:54:35,D:\ADVANTECH\B19AK10AI23-10AI_KYSPI\BCM-949510AI013.mdb,50,220,50,220,50,220,0.9144,0.4756,PART77,GOOD,,,
,117.873,134.39,105.252,0.007,-0.001,,2022/5/27,10:54:35,D:\ADVANTECH\B19AK10AI23-10AI_KYSPI\BCM-949510AI013.mdb,50,220,50,220,50,220,0.2032,0.254,PART60,GOOD,,,
,123.921,145.766,102.016,0.007,0.002,,2022/5/27,10:54:35,D:\ADVANTECH\B19AK10AI23-10AI_KYSPI\BCM-949510AI013.mdb,50,220,50,220,50,220,0.254,0.2032,PART60,GOOD,,,
,118.782,133.535,106.743,0.011,0.001,,2022/5/27,10:54:35,D:\ADVANTECH\B19AK10AI23-10AI_KYSPI\BCM-949510AI013.mdb,50,220,50,220,50,220,0.254,0.2032,PART60,GOOD,,,
,126.058,144.245,104.87,0.013,-0.004,,2022/5/27,10:54:35,D:\ADVANTECH\B19AK10AI23-10AI_KYSPI\BCM-949510AI013.mdb,50,220,50,220,50,220,0.2032,0.254,PART60,GOOD,,,
,115.92,132.37,105.088,-0.001,0.001,,2022/5/27,10:54:35,D:\ADVANTECH\B19AK10AI23-10AI_KYSPI\BCM-949510AI013.mdb,50,220,50,220,50,220,0.3252,0.3544,PART67,GOOD,,,
,112.391,129.736,103.956,0.008,0.001,,2022/5/27,10:54:35,D:\ADVANTECH\B19AK10AI23-10AI_KYSPI\BCM-949510AI013.mdb,50,220,50,220,50,220,0.3252,0.3544,PART67,GOOD,,,
,116.625,132.94,105.273,0.002,0.001,,2022/5/27,10:54:35,D:\ADVANTECH\B19AK10AI23-10AI_KYSPI\BCM-949510AI013.mdb,50,220,50,220,50,220,0.508,0.4188,PART78,GOOD,,,
,115.996,135.11,103.023,0.008,0.006,,2022/5/27,10:54:35,D:\ADVANTECH\B19AK10AI23-10AI_KYSPI\BCM-949510AI013.mdb,50,220,50,220,50,220,0.9144,0.382,PART79,GOOD,,,
,124.133,142.367,104.63,0.014,-0.008,,2022/5/27,10:54:35,D:\ADVANTECH\B19AK10AI23-10AI_KYSPI\BCM-949510AI013.mdb,50,220,50,220,50,220,0.2032,0.254,PART60,GOOD,,,
,121.595,135.329,107.822,0.009,-0.001,,2022/5/27,10:54:35,D:\ADVANTECH\B19AK10AI23-10AI_KYSPI\BCM-949510AI013.mdb,50,220,50,220,50,220,0.3252,0.3544,PART67,GOOD,,,
,124.449,138.744,107.636,0,-0.002,,2022/5/27,10:54:35,D:\ADVANTECH\B19AK10AI23-10AI_KYSPI\BCM-949510AI013.mdb,50,220,50,220,50,220,0.3252,0.3544,PART67,GOOD,,,
,111.494,130.324,102.662,0.001,0.003,,2022/5/27,10:54:35,D:\ADVANTECH\B19AK10AI23-10AI_KYSPI\BCM-949510AI013.mdb,50,220,50,220,50,220,0.508,0.4188,PART78,GOOD,,,
,116.356,136.448,102.33,0.003,0.002,,2022/5/27,10:54:35,D:\ADVANTECH\B19AK10AI23-10AI_KYSPI\BCM-949510AI013.mdb,50,220,50,220,50,220,0.508,0.4188,PART78,GOOD,,,
,123.421,140.679,105.278,0.015,-0.003,,2022/5/27,10:54:35,D:\ADVANTECH\B19AK10AI23-10AI_KYSPI\BCM-949510AI013.mdb,50,220,50,220,50,220,0.2032,0.254,PART60,GOOD,,,
,118.271,134.832,105.261,0.003,-0.006,,2022/5/27,10:54:35,D:\ADVANTECH\B19AK10AI23-10AI_KYSPI\BCM-949510AI013.mdb,50,220,50,220,50,220,0.508,0.4188,PART78,GOOD,,,
,115.29,133.968,103.27,0.004,-0.006,,2022/5/27,10:54:35,D:\ADVANTECH\B19AK10AI23-10AI_KYSPI\BCM-949510AI013.mdb,50,220,50,220,50,220,0.508,0.4188,PART78,GOOD,,,
,116.336,135.499,103.029,0.005,-0.005,,2022/5/27,10:54:35,D:\ADVANTECH\B19AK10AI23-10AI_KYSPI\BCM-949510AI013.mdb,50,220,50,220,50,220,0.508,0.4188,PART78,GOOD,,,
U6,111.457,130.914,102.166,0.006,-0.003,,2022/5/27,10:54:35,D:\ADVANTECH\B19AK10AI23-10AI_KYSPI\BCM-949510AI013.mdb,50,220,50,220,50,220,0.254,0.7112,Y5S10AG031,GOOD,,1,
U6,112.193,131.007,102.767,0.014,-0.003,,2022/5/27,10:54:35,D:\ADVANTECH\B19AK10AI23-10AI_KYSPI\BCM-949510AI013.mdb,50,220,50,220,50,220,0.254,0.7112,Y5S10AG031,GOOD,,2,
U6,107.069,126.84,101.295,0.005,-0.002,,2022/5/27,10:54:35,D:\ADVANTECH\B19AK10AI23-10AI_KYSPI\BCM-949510AI013.mdb,50,220,50,220,50,220,0.254,0.7112,Y5S10AG031,GOOD,,3,
U6,107.329,126.53,101.79,0.002,-0.002,,2022/5/27,10:54:35,D:\ADVANTECH\B19AK10AI23-10AI_KYSPI\BCM-949510AI013.mdb,50,220,50,220,50,220,0.254,0.7112,Y5S10AG031,GOOD,,4,
U6,110.638,128.064,103.672,0.002,-0.002,,2022/5/27,10:54:35,D:\ADVANTECH\B19AK10AI23-10AI_KYSPI\BCM-949510AI013.mdb,50,220,50,220,50,220,0.254,0.7112,Y5S10AG031,GOOD,,5,
U6,108.139,125.714,103.224,0.003,-0.002,,2022/5/27,10:54:35,D:\ADVANTECH\B19AK10AI23-10AI_KYSPI\BCM-949510AI013.mdb,50,220,50,220,50,220,0.254,0.7112,Y5S10AG031,GOOD,,6,
U6,112.615,129.693,104.198,0.009,-0.003,,2022/5/27,10:54:35,D:\ADVANTECH\B19AK10AI23-10AI_KYSPI\BCM-949510AI013.mdb,50,220,50,220,50,220,0.254,0.7112,Y5S10AG031,GOOD,,7,
U6,112.287,129.349,104.171,0.004,-0.003,,2022/5/27,10:54:35,D:\ADVANTECH\B19AK10AI23-10AI_KYSPI\BCM-949510AI013.mdb,50,220,50,220,50,220,0.254,0.7112,Y5S10AG031,GOOD,,8,
U13,120.813,134.282,107.963,0.011,0.006,,2022/5/27,10:54:35,D:\ADVANTECH\B19AK10AI23-10AI_KYSPI\BCM-949510AI013.mdb,50,220,50,220,50,220,0.4672,0.14,Y5S10A5120,GOOD,,1,
U13,126.352,141.377,107.247,0.016,-0.005,,2022/5/27,10:54:35,D:\ADVANTECH\B19AK10AI23-10AI_KYSPI\BCM-949510AI013.mdb,50,220,50,220,50,220,0.4672,0.14,Y5S10A5120,GOOD,,2,
U13,120.861,135.549,106.997,0.015,-0.003,,2022/5/27,10:54:35,D:\ADVANTECH\B19AK10AI23-10AI_KYSPI\BCM-949510AI013.mdb,50,220,50,220,50,220,0.4672,0.14,Y5S10A5120,GOOD,,3,
U13,130.698,141.883,110.541,0.018,-0.002,,2022/5/27,10:54:35,D:\ADVANTECH\B19AK10AI23-10AI_KYSPI\BCM-949510AI013.mdb,50,220,50,220,50,220,0.4672,0.14,Y5S10A5120,GOOD,,4,
U13,124.649,139.677,107.089,0.003,0.006,,2022/5/27,10:54:35,D:\ADVANTECH\B19AK10AI23-10AI_KYSPI\BCM-949510AI013.mdb,50,220,50,220,50,220,0.4672,0.14,Y5S10A5120,GOOD,,5,
U39,121.359,144.057,101.093,-0.001,-0.006,,2022/5/27,10:54:35,D:\ADVANTECH\B19AK10AI23-10AI_KYSPI\BCM-949510AI013.mdb,50,220,50,220,50,220,0.4572,0.22,Y5S10AG040,GOOD,,1,
U39,119.017,141.517,100.921,-0.001,-0.008,,2022/5/27,10:54:35,D:\ADVANTECH\B19AK10AI23-10AI_KYSPI\BCM-949510AI013.mdb,50,220,50,220,50,220,0.4572,0.22,Y5S10AG040,GOOD,,2,
U39,115.727,135.594,102.418,-0.002,-0.003,,2022/5/27,10:54:35,D:\ADVANTECH\B19AK10AI23-10AI_KYSPI\BCM-949510AI013.mdb,50,220,50,220,50,220,0.4572,0.22,Y5S10AG040,GOOD,,3,
U39,121.376,142.462,102.239,-0.001,-0.002,,2022/5/27,10:54:35,D:\ADVANTECH\B19AK10AI23-10AI_KYSPI\BCM-949510AI013.mdb,50,220,50,220,50,220,0.4572,0.22,Y5S10AG040,GOOD,,4,
U39,121.917,139.406,104.945,-0.001,-0.007,,2022/5/27,10:54:35,D:\ADVANTECH\B19AK10AI23-10AI_KYSPI\BCM-949510AI013.mdb,50,220,50,220,50,220,0.4572,0.22,Y5S10AG040,GOOD,,5,
U39,126.754,145.524,104.522,-0.001,-0.005,,2022/5/27,10:54:35,D:\ADVANTECH\B19AK10AI23-10AI_KYSPI\BCM-949510AI013.mdb,50,220,50,220,50,220,0.4572,0.22,Y5S10AG040,GOOD,,6,
C1,117.948,135.355,104.568,0.023,-0.004,,2022/5/27,10:54:35,D:\ADVANTECH\B19AK10AI23-10AI_KYSPI\BCM-949510AI013.mdb,50,220,50,220,50,220,0.2032,0.254,1100009002-03,GOOD,,1,
C1,112.582,128.909,104.802,0.011,-0.007,,2022/5/27,10:54:35,D:\ADVANTECH\B19AK10AI23-10AI_KYSPI\BCM-949510AI013.mdb,50,220,50,220,50,220,0.2032,0.254,1100009002-03,GOOD,,2,
C2,110.42,127.933,103.573,-0.001,0.005,,2022/5/27,10:54:35,D:\ADVANTECH\B19AK10AI23-10AI_KYSPI\BCM-949510AI013.mdb,50,220,50,220,50,220,0.254,0.2032,1100009002-03,GOOD,,1,
C2,106.182,125.603,101.446,0.003,0.005,,2022/5/27,10:54:35,D:\ADVANTECH\B19AK10AI23-10AI_KYSPI\BCM-949510AI013.mdb,50,220,50,220,50,220,0.254,0.2032,1100009002-03,GOOD,,2,
C3,123.414,139.189,106.4,-0.002,0.007,,2022/5/27,10:54:35,D:\ADVANTECH\B19AK10AI23-10AI_KYSPI\BCM-949510AI013.mdb,50,220,50,220,50,220,0.444,0.508,1100006895-02,GOOD,,1,
C3,123.244,141.65,104.407,0.003,0.006,,2022/5/27,10:54:35,D:\ADVANTECH\B19AK10AI23-10AI_KYSPI\BCM-949510AI013.mdb,50,220,50,220,50,220,0.444,0.508,1100006895-02,GOOD,,2,
C6,118.61,129.566,109.853,0.021,-0.005,,2022/5/27,10:54:35,D:\ADVANTECH\B19AK10AI23-10AI_KYSPI\BCM-949510AI013.mdb,50,220,50,220,50,220,0.2032,0.254,1100009002-03,GOOD,,1,
C6,108.905,125.322,104.281,0.01,-0.01,,2022/5/27,10:54:35,D:\ADVANTECH\B19AK10AI23-10AI_KYSPI\BCM-949510AI013.mdb,50,220,50,220,50,220,0.2032,0.254,1100009002-03,GOOD,,2,
C7,110.309,125.105,105.808,0.015,-0.005,,2022/5/27,10:54:35,D:\ADVANTECH\B19AK10AI23-10AI_KYSPI\BCM-949510AI013.mdb,50,220,50,220,50,220,0.2032,0.254,1100009002-03,GOOD,,1,
C7,112.411,126.364,106.749,0.018,-0.01,,2022/5/27,10:54:35,D:\ADVANTECH\B19AK10AI23-10AI_KYSPI\BCM-949510AI013.mdb,50,220,50,220,50,220,0.2032,0.254,1100009002-03,GOOD,,2,
C8,108.875,121.52,107.514,0.008,-0.007,,2022/5/27,10:54:35,D:\ADVANTECH\B19AK10AI23-10AI_KYSPI\BCM-949510AI013.mdb,50,220,50,220,50,220,0.2032,0.254,1100009002-03,GOOD,,1,
C8,105.153,117.813,107.105,0.013,-0.009,,2022/5/27,10:54:35,D:\ADVANTECH\B19AK10AI23-10AI_KYSPI\BCM-949510AI013.mdb,50,220,50,220,50,220,0.2032,0.254,1100009002-03,GOOD,,2,
C9,110.513,127.939,103.655,0.007,0,,2022/5/27,10:54:35,D:\ADVANTECH\B19AK10AI23-10AI_KYSPI\BCM-949510AI013.mdb,50,220,50,220,50,220,0.254,0.2032,1100009002-03,GOOD,,1,
C9,103.642,118.136,105.278,0.001,-0.001,,2022/5/27,10:54:35,D:\ADVANTECH\B19AK10AI23-10AI_KYSPI\BCM-949510AI013.mdb,50,220,50,220,50,220,0.254,0.2032,1100009002-03,GOOD,,2,
C10,112.718,129.088,104.783,0.01,-0.006,,2022/5/27,10:54:35,D:\ADVANTECH\B19AK10AI23-10AI_KYSPI\BCM-949510AI013.mdb,50,220,50,220,50,220,0.254,0.2032,1100009002-03,GOOD,,1,
C10,104.81,120.456,104.413,0.005,-0.007,,2022/5/27,10:54:35,D:\ADVANTECH\B19AK10AI23-10AI_KYSPI\BCM-949510AI013.mdb,50,220,50,220,50,220,0.254,0.2032,1100009002-03,GOOD,,2,
C11,111.641,130.8,102.423,0,-0.007,,2022/5/27,10:54:35,D:\ADVANTECH\B19AK10AI23-10AI_KYSPI\BCM-949510AI013.mdb,50,220,50,220,50,220,0.508,0.444,1100006895-02,GOOD,,1,
C11,109.59,126.797,103.716,-0.003,-0.011,,2022/5/27,10:54:35,D:\ADVANTECH\B19AK10AI23-10AI_KYSPI\BCM-949510AI013.mdb,50,220,50,220,50,220,0.508,0.444,1100006895-02,GOOD,,2,
C13,116.396,132.198,105.656,0.015,-0.001,,2022/5/27,10:54:35,D:\ADVANTECH\B19AK10AI23-10AI_KYSPI\BCM-949510AI013.mdb,50,220,50,220,50,220,0.254,0.2032,1100009002-03,GOOD,,1,
C13,114.965,131.143,105.196,0.01,-0.001,,2022/5/27,10:54:35,D:\ADVANTECH\B19AK10AI23-10AI_KYSPI\BCM-949510AI013.mdb,50,220,50,220,50,220,0.254,0.2032,1100009002-03,GOOD,,2,
C14,117.861,132.283,106.917,0.008,0,,2022/5/27,10:54:35,D:\ADVANTECH\B19AK10AI23-10AI_KYSPI\BCM-949510AI013.mdb,50,220,50,220,50,220,0.254,0.2032,1100009002-03,GOOD,,1,
C14,115.4,131.995,104.914,0.014,0.001,,2022/5/27,10:54:35,D:\ADVANTECH\B19AK10AI23-10AI_KYSPI\BCM-949510AI013.mdb,50,220,50,220,50,220,0.254,0.2032,1100009002-03,GOOD,,2,
C15,117.346,132.984,105.889,0.006,-0.006,,2022/5/27,10:54:35,D:\ADVANTECH\B19AK10AI23-10AI_KYSPI\BCM-949510AI013.mdb,50,220,50,220,50,220,0.3544,0.3252,1100008245-02,GOOD,,1,
C15,117.683,136.065,103.788,0.006,-0.007,,2022/5/27,10:54:35,D:\ADVANTECH\B19AK10AI23-10AI_KYSPI\BCM-949510AI013.mdb,50,220,50,220,50,220,0.3544,0.3252,1100008245-02,GOOD,,2,
C16,110.365,126.754,104.484,-0.001,-0.003,,2022/5/27,10:54:35,D:\ADVANTECH\B19AK10AI23-10AI_KYSPI\BCM-949510AI013.mdb,50,220,50,220,50,220,0.254,0.2032,1100009002-03,GOOD,,1,
C16,113.083,130.988,103.597,0.016,-0.003,,2022/5/27,10:54:35,D:\ADVANTECH\B19AK10AI23-10AI_KYSPI\BCM-949510AI013.mdb,50,220,50,220,50,220,0.254,0.2032,1100009002-03,GOOD,,2,
C17,120.294,136.464,105.781,0.006,0.001,,2022/5/27,10:54:35,D:\ADVANTECH\B19AK10AI23-10AI_KYSPI\BCM-949510AI013.mdb,50,220,50,220,50,220,0.3544,0.3252,1100008245-02,GOOD,,1,
C17,117.617,138.683,101.772,0.005,0,,2022/5/27,10:54:35,D:\ADVANTECH\B19AK10AI23-10AI_KYSPI\BCM-949510AI013.mdb,50,220,50,220,50,220,0.3544,0.3252,1100008245-02,GOOD,,2,
C18,117.032,129.49,108.455,0.022,-0.006,,2022/5/27,10:54:35,D:\ADVANTECH\B19AK10AI23-10AI_KYSPI\BCM-949510AI013.mdb,50,220,50,220,50,220,0.2032,0.254,1100009002-03,GOOD,,1,
C18,112.365,131.621,102.444,0.015,-0.008,,2022/5/27,10:54:35,D:\ADVANTECH\B19AK10AI23-10AI_KYSPI\BCM-949510AI013.mdb,50,220,50,220,50,220,0.2032,0.254,1100009002-03,GOOD,,2,
C19,115.743,128.042,108.474,0.009,0.001,,2022/5/27,10:54:35,D:\ADVANTECH\B19AK10AI23-10AI_KYSPI\BCM-949510AI013.mdb,50,220,50,220,50,220,0.2032,0.254,1100009002-03,GOOD,,1,
C19,118.612,133.054,106.975,0.015,0.006,,2022/5/27,10:54:35,D:\ADVANTECH\B19AK10AI23-10AI_KYSPI\BCM-949510AI013.mdb,50,220,50,220,50,220,0.2032,0.254,1100009002-03,GOOD,,2,
C20,108.801,127.921,102.064,0.015,-0.002,,2022/5/27,10:54:35,D:\ADVANTECH\B19AK10AI23-10AI_KYSPI\BCM-949510AI013.mdb,50,220,50,220,50,220,0.254,0.2032,1100009002-03,GOOD,,1,
C20,105.771,122.481,103.628,0.001,-0.003,,2022/5/27,10:54:35,D:\ADVANTECH\B19AK10AI23-10AI_KYSPI\BCM-949510AI013.mdb,50,220,50,220,50,220,0.254,0.2032,1100009002-03,GOOD,,2,
C21,112.904,129.816,104.366,0.006,-0.007,,2022/5/27,10:54:35,D:\ADVANTECH\B19AK10AI23-10AI_KYSPI\BCM-949510AI013.mdb,50,220,50,220,50,220,0.254,0.2032,1100009002-03,GOOD,,1,
C21,107.333,124.404,103.533,0,-0.007,,2022/5/27,10:54:35,D:\ADVANTECH\B19AK10AI23-10AI_KYSPI\BCM-949510AI013.mdb,50,220,50,220,50,220,0.254,0.2032,1100009002-03,GOOD,,2,
C22,125.323,141.408,106.35,0.014,-0.005,,2022/5/27,10:54:35,D:\ADVANTECH\B19AK10AI23-10AI_KYSPI\BCM-949510AI013.mdb,50,220,50,220,50,220,0.254,0.2032,1100009002-03,GOOD,,1,
C22,111.934,129.683,103.577,0.002,-0.006,,2022/5/27,10:54:35,D:\ADVANTECH\B19AK10AI23-10AI_KYSPI\BCM-949510AI013.mdb,50,220,50,220,50,220,0.254,0.2032,1100009002-03,GOOD,,2,
C23,107.477,124.86,103.293,0.014,0.002,,2022/5/27,10:54:35,D:\ADVANTECH\B19AK10AI23-10AI_KYSPI\BCM-949510AI013.mdb,50,220,50,220,50,220,0.254,0.2032,1100009002-03,GOOD,,1,
C23,108.263,127.194,102.14,0.004,0.001,,2022/5/27,10:54:35,D:\ADVANTECH\B19AK10AI23-10AI_KYSPI\BCM-949510AI013.mdb,50,220,50,220,50,220,0.254,0.2032,1100009002-03,GOOD,,2,
C24,106.721,123.681,103.545,0.006,0.01,,2022/5/27,10:54:35,D:\ADVANTECH\B19AK10AI23-10AI_KYSPI\BCM-949510AI013.mdb,50,220,50,220,50,220,0.3252,0.3544,1100008245-02,GOOD,,1,
C24,112.261,129.236,104.238,0.006,0.009,,2022/5/27,10:54:35,D:\ADVANTECH\B19AK10AI23-10AI_KYSPI\BCM-949510AI013.mdb,50,220,50,220,50,220,0.3252,0.3544,1100008245-02,GOOD,,2,
C25,112.435,126.961,106.27,0.012,0.003,,2022/5/27,10:54:35,D:\ADVANTECH\B19AK10AI23-10AI_KYSPI\BCM-949510AI013.mdb,50,220,50,220,50,220,0.2032,0.254,1100009002-03,GOOD,,1,
C25,119.146,135.038,105.878,0.014,0.008,,2022/5/27,10:54:35,D:\ADVANTECH\B19AK10AI23-10AI_KYSPI\BCM-949510AI013.mdb,50,220,50,220,50,220,0.2032,0.254,1100009002-03,GOOD,,2,
C27,117.143,129.196,108.805,0.02,-0.007,,2022/5/27,10:54:35,D:\ADVANTECH\B19AK10AI23-10AI_KYSPI\BCM-949510AI013.mdb,50,220,50,220,50,220,0.2032,0.254,1100009002-03,GOOD,,1,
C27,114.224,128.493,106.675,0.013,-0.003,,2022/5/27,10:54:35,D:\ADVANTECH\B19AK10AI23-10AI_KYSPI\BCM-949510AI013.mdb,50,220,50,220,50,220,0.2032,0.254,1100009002-03,GOOD,,2,
C28,117.195,130.598,107.685,0.021,-0.007,,2022/5/27,10:54:35,D:\ADVANTECH\B19AK10AI23-10AI_KYSPI\BCM-949510AI013.mdb,50,220,50,220,50,220,0.2032,0.254,1100009002-03,GOOD,,1,
C28,110.468,124.75,106.262,0.012,-0.009,,2022/5/27,10:54:35,D:\ADVANTECH\B19AK10AI23-10AI_KYSPI\BCM-949510AI013.mdb,50,220,50,220,50,220,0.2032,0.254,1100009002-03,GOOD,,2,
C29,109.338,124.635,105.272,0,0.01,,2022/5/27,10:54:35,D:\ADVANTECH\B19AK10AI23-10AI_KYSPI\BCM-949510AI013.mdb,50,220,50,220,50,220,0.254,0.2032,1100009002-03,GOOD,,1,
C29,112.564,129.664,104.175,0.005,0.01,,2022/5/27,10:54:35,D:\ADVANTECH\B19AK10AI23-10AI_KYSPI\BCM-949510AI013.mdb,50,220,50,220,50,220,0.254,0.2032,1100009002-03,GOOD,,2,
C30,120.303,137.886,104.698,0.001,0.005,,2022/5/27,10:54:35,D:\ADVANTECH\B19AK10AI23-10AI_KYSPI\BCM-949510AI013.mdb,50,220,50,220,50,220,0.254,0.2032,1100009002-03,GOOD,,1,
C30,118.408,134.645,105.529,0.008,0.004,,2022/5/27,10:54:35,D:\ADVANTECH\B19AK10AI23-10AI_KYSPI\BCM-949510AI013.mdb,50,220,50,220,50,220,0.254,0.2032,1100009002-03,GOOD,,2,
C31,117.578,135.554,104.087,0.006,0.009,,2022/5/27,10:54:35,D:\ADVANTECH\B19AK10AI23-10AI_KYSPI\BCM-949510AI013.mdb,50,220,50,220,50,220,0.508,0.444,1100006895-02,GOOD,,1,
C31,117.306,135.964,103.532,0.005,0.006,,2022/5/27,10:54:35,D:\ADVANTECH\B19AK10AI23-10AI_KYSPI\BCM-949510AI013.mdb,50,220,50,220,50,220,0.508,0.444,1100006895-02,GOOD,,2,
C32,114.367,131.588,104.295,0.006,-0.001,,2022/5/27,10:54:35,D:\ADVANTECH\B19AK10AI23-10AI_KYSPI\BCM-949510AI013.mdb,50,220,50,220,50,220,0.254,0.2032,1100009002-03,GOOD,,1,
C32,116.611,135.127,103.557,0.008,-0.001,,2022/5/27,10:54:35,D:\ADVANTECH\B19AK10AI23-10AI_KYSPI\BCM-949510AI013.mdb,50,220,50,220,50,220,0.254,0.2032,1100009002-03,GOOD,,2,
C33,115.67,133.214,104.196,0.01,0.001,,2022/5/27,10:54:35,D:\ADVANTECH\B19AK10AI23-10AI_KYSPI\BCM-949510AI013.mdb,50,220,50,220,50,220,0.254,0.2032,1100009002-03,GOOD,,1,
C33,108.648,125.223,104.117,0.008,0.001,,2022/5/27,10:54:35,D:\ADVANTECH\B19AK10AI23-10AI_KYSPI\BCM-949510AI013.mdb,50,220,50,220,50,220,0.254,0.2032,1100009002-03,GOOD,,2,
C34,115.502,129.392,107.118,0.011,0.004,,2022/5/27,10:54:35,D:\ADVANTECH\B19AK10AI23-10AI_KYSPI\BCM-949510AI013.mdb,50,220,50,220,50,220,0.2032,0.254,1100009002-03,GOOD,,1,
C34,120.349,134.152,107.653,0.011,-0.002,,2022/5/27,10:54:35,D:\ADVANTECH\B19AK10AI23-10AI_KYSPI\BCM-949510AI013.mdb,50,220,50,220,50,220,0.2032,0.254,1100009002-03,GOOD,,2,
C35,116.256,134.302,103.876,0.014,0.002,,2022/5/27,10:54:35,D:\ADVANTECH\B19AK10AI23-10AI_KYSPI\BCM-949510AI013.mdb,50,220,50,220,50,220,0.254,0.2032,1100009002-03,GOOD,,1,
C35,114.643,132.393,103.912,0.006,0.002,,2022/5/27,10:54:35,D:\ADVANTECH\B19AK10AI23-10AI_KYSPI\BCM-949510AI013.mdb,50,220,50,220,50,220,0.254,0.2032,1100009002-03,GOOD,,2,
C36,114.509,128.455,106.972,0.015,0.002,,2022/5/27,10:54:35,D:\ADVANTECH\B19AK10AI23-10AI_KYSPI\BCM-949510AI013.mdb,50,220,50,220,50,220,0.2032,0.254,1100009002-03,GOOD,,1,
C36,111.002,126.202,105.547,0,-0.003,,2022/5/27,10:54:35,D:\ADVANTECH\B19AK10AI23-10AI_KYSPI\BCM-949510AI013.mdb,50,220,50,220,50,220,0.2032,0.254,1100009002-03,GOOD,,2,
C37,109.994,129.074,102.261,0.004,0.007,,2022/5/27,10:54:35,D:\ADVANTECH\B19AK10AI23-10AI_KYSPI\BCM-949510AI013.mdb,50,220,50,220,50,220,0.254,0.2032,1100009002-03,GOOD,,1,
C37,107.669,123.742,104.413,0.003,0.006,,2022/5/27,10:54:35,D:\ADVANTECH\B19AK10AI23-10AI_KYSPI\BCM-949510AI013.mdb,50,220,50,220,50,220,0.254,0.2032,1100009002-03,GOOD,,2,
C38,115.818,132.096,105.213,0.002,0,,2022/5/27,10:54:35,D:\ADVANTECH\B19AK10AI23-10AI_KYSPI\BCM-949510AI013.mdb,50,220,50,220,50,220,0.2032,0.254,1100009002-03,GOOD,,1,
C38,115.294,129.553,106.793,0.006,-0.005,,2022/5/27,10:54:35,D:\ADVANTECH\B19AK10AI23-10AI_KYSPI\BCM-949510AI013.mdb,50,220,50,220,50,220,0.2032,0.254,1100009002-03,GOOD,,2,
C39,117.017,133.569,105.13,0.013,0.008,,2022/5/27,10:54:35,D:\ADVANTECH\B19AK10AI23-10AI_KYSPI\BCM-949510AI013.mdb,50,220,50,220,50,220,0.2032,0.254,1100009002-03,GOOD,,1,
C39,119.846,138.201,104.062,0.014,0.005,,2022/5/27,10:54:35,D:\ADVANTECH\B19AK10AI23-10AI_KYSPI\BCM-949510AI013.mdb,50,220,50,220,50,220,0.2032,0.254,1100009002-03,GOOD,,2,
C40,105.221,122.582,103.005,-0.004,-0.004,,2022/5/27,10:54:35,D:\ADVANTECH\B19AK10AI23-10AI_KYSPI\BCM-949510AI013.mdb,50,220,50,220,50,220,0.254,0.2032,1100009002-03,GOOD,,1,
C40,105.111,121.45,103.855,0.002,-0.003,,2022/5/27,10:54:35,D:\ADVANTECH\B19AK10AI23-10AI_KYSPI\BCM-949510AI013.mdb,50,220,50,220,50,220,0.254,0.2032,1100009002-03,GOOD,,2,
C41,119.004,132.203,108.019,0.015,0.006,,2022/5/27,10:54:35,D:\ADVANTECH\B19AK10AI23-10AI_KYSPI\BCM-949510AI013.mdb,50,220,50,220,50,220,0.2032,0.254,1100009002-03,GOOD,,1,
C41,119.771,136.47,105.317,0.02,0.004,,2022/5/27,10:54:35,D:\ADVANTECH\B19AK10AI23-10AI_KYSPI\BCM-949510AI013.mdb,50,220,50,220,50,220,0.2032,0.254,1100009002-03,GOOD,,2,
C42,109.025,123.789,105.688,0.005,0.001,,2022/5/27,10:54:35,D:\ADVANTECH\B19AK10AI23-10AI_KYSPI\BCM-949510AI013.mdb,50,220,50,220,50,220,0.254,0.2032,1100009002-03,GOOD,,1,
C42,114.434,129.638,105.926,0.01,0.001,,2022/5/27,10:54:35,D:\ADVANTECH\B19AK10AI23-10AI_KYSPI\BCM-949510AI013.mdb,50,220,50,220,50,220,0.254,0.2032,1100009002-03,GOOD,,2,
C43,110.495,126.569,104.76,-0.001,0.003,,2022/5/27,10:54:35,D:\ADVANTECH\B19AK10AI23-10AI_KYSPI\BCM-949510AI013.mdb,50,220,50,220,50,220,0.2032,0.254,1100010464-01,GOOD,,1,
C43,113.525,127.561,106.796,0.007,0,,2022/5/27,10:54:35,D:\ADVANTECH\B19AK10AI23-10AI_KYSPI\BCM-949510AI013.mdb,50,220,50,220,50,220,0.2032,0.254,1100010464-01,GOOD,,2,
C44,110.059,125.761,105.018,0.015,0.003,,2022/5/27,10:54:35,D:\ADVANTECH\B19AK10AI23-10AI_KYSPI\BCM-949510AI013.mdb,50,220,50,220,50,220,0.2032,0.254,Y5S10AG010,GOOD,,1,
C44,113.514,129.906,104.858,0.017,-0.002,,2022/5/27,10:54:35,D:\ADVANTECH\B19AK10AI23-10AI_KYSPI\BCM-949510AI013.mdb,50,220,50,220,50,220,0.2032,0.254,Y5S10AG010,GOOD,,2,
C47,113.452,127.016,107.185,0.012,0.001,,2022/5/27,10:54:35,D:\ADVANTECH\B19AK10AI23-10AI_KYSPI\BCM-949510AI013.mdb,50,220,50,220,50,220,0.2032,0.254,1100010464-01,GOOD,,1,
C47,115.341,129.207,107.122,0.011,0.005,,2022/5/27,10:54:35,D:\ADVANTECH\B19AK10AI23-10AI_KYSPI\BCM-949510AI013.mdb,50,220,50,220,50,220,0.2032,0.254,1100010464-01,GOOD,,2,
C48,110.545,127.497,104.045,0.007,-0.002,,2022/5/27,10:54:35,D:\ADVANTECH\B19AK10AI23-10AI_KYSPI\BCM-949510AI013.mdb,50,220,50,220,50,220,0.254,0.2032,Y5S10AG010,GOOD,,1,
C48,108.341,127.792,101.735,0.01,-0.001,,2022/5/27,10:54:35,D:\ADVANTECH\B19AK10AI23-10AI_KYSPI\BCM-949510AI013.mdb,50,220,50,220,50,220,0.254,0.2032,Y5S10AG010,GOOD,,2,
C50,121.523,137.451,106.094,0.009,0.007,,2022/5/27,10:54:35,D:\ADVANTECH\B19AK10AI23-10AI_KYSPI\BCM-949510AI013.mdb,50,220,50,220,50,220,0.254,0.2032,1100010464-01,GOOD,,1,
C50,121.293,135.609,107.332,0.006,0.006,,2022/5/27,10:54:35,D:\ADVANTECH\B19AK10AI23-10AI_KYSPI\BCM-949510AI013.mdb,50,220,50,220,50,220,0.254,0.2032,1100010464-01,GOOD,,2,
C51,117.349,134.346,104.818,0.006,0.002,,2022/5/27,10:54:35,D:\ADVANTECH\B19AK10AI23-10AI_KYSPI\BCM-949510AI013.mdb,50,220,50,220,50,220,0.254,0.2032,1100010464-01,GOOD,,1,
C51,117.6,133.29,105.875,0.001,0.001,,2022/5/27,10:54:35,D:\ADVANTECH\B19AK10AI23-10AI_KYSPI\BCM-949510AI013.mdb,50,220,50,220,50,220,0.254,0.2032,1100010464-01,GOOD,,2,
C52,116.286,132.689,105.166,0.004,-0.001,,2022/5/27,10:54:35,D:\ADVANTECH\B19AK10AI23-10AI_KYSPI\BCM-949510AI013.mdb,50,220,50,220,50,220,0.254,0.2032,1100010464-01,GOOD,,1,
C52,113.408,126.941,107.207,0.004,-0.001,,2022/5/27,10:54:35,D:\ADVANTECH\B19AK10AI23-10AI_KYSPI\BCM-949510AI013.mdb,50,220,50,220,50,220,0.254,0.2032,1100010464-01,GOOD,,2,
C53,117.569,132.743,106.283,-0.004,-0.004,,2022/5/27,10:54:35,D:\ADVANTECH\B19AK10AI23-10AI_KYSPI\BCM-949510AI013.mdb,50,220,50,220,50,220,0.3544,0.3252,1100006362-04,GOOD,,1,
C53,113.946,134.424,101.719,-0.005,0.011,,2022/5/27,10:54:35,D:\ADVANTECH\B19AK10AI23-10AI_KYSPI\BCM-949510AI013.mdb,50,220,50,220,50,220,0.3544,0.3252,1100006362-04,GOOD,,2,
C54,113.49,130.172,104.622,0.008,0.01,,2022/5/27,10:54:35,D:\ADVANTECH\B19AK10AI23-10AI_KYSPI\BCM-949510AI013.mdb,50,220,50,220,50,220,0.254,0.2032,1100010464-01,GOOD,,1,
C54,112.203,129.254,104.17,-0.005,0.01,,2022/5/27,10:54:35,D:\ADVANTECH\B19AK10AI23-10AI_KYSPI\BCM-949510AI013.mdb,50,220,50,220,50,220,0.254,0.2032,1100010464-01,GOOD,,2,
C55,119.79,135.92,105.76,0.013,0.001,,2022/5/27,10:54:35,D:\ADVANTECH\B19AK10AI23-10AI_KYSPI\BCM-949510AI013.mdb,50,220,50,220,50,220,0.2032,0.254,1100010464-01,GOOD,,1,
C55,115.428,130.023,106.529,0.006,0.006,,2022/5/27,10:54:35,D:\ADVANTECH\B19AK10AI23-10AI_KYSPI\BCM-949510AI013.mdb,50,220,50,220,50,220,0.2032,0.254,1100010464-01,GOOD,,2,
C56,117.442,133.461,105.597,-0.001,0,,2022/5/27,10:54:35,D:\ADVANTECH\B19AK10AI23-10AI_KYSPI\BCM-949510AI013.mdb,50,220,50,220,50,220,0.254,0.2032,1100010464-01,GOOD,,1,
C56,114.964,131.01,105.303,0.003,0,,2022/5/27,10:54:35,D:\ADVANTECH\B19AK10AI23-10AI_KYSPI\BCM-949510AI013.mdb,50,220,50,220,50,220,0.254,0.2032,1100010464-01,GOOD,,2,
C57,111.264,129.175,103.361,0.003,-0.011,,2022/5/27,10:54:35,D:\ADVANTECH\B19AK10AI23-10AI_KYSPI\BCM-949510AI013.mdb,50,220,50,220,50,220,0.3252,0.3544,1100006362-04,GOOD,,1,
C57,115.584,131.719,105.301,0.006,-0.013,,2022/5/27,10:54:35,D:\ADVANTECH\B19AK10AI23-10AI_KYSPI\BCM-949510AI013.mdb,50,220,50,220,50,220,0.3252,0.3544,1100006362-04,GOOD,,2,
C58,114.81,132.135,104.267,0.005,0.003,,2022/5/27,10:54:35,D:\ADVANTECH\B19AK10AI23-10AI_KYSPI\BCM-949510AI013.mdb,50,220,50,220,50,220,0.254,0.2032,1100010464-01,GOOD,,1,
C58,108.851,126.476,103.277,0,0.004,,2022/5/27,10:54:35,D:\ADVANTECH\B19AK10AI23-10AI_KYSPI\BCM-949510AI013.mdb,50,220,50,220,50,220,0.254,0.2032,1100010464-01,GOOD,,2,
C59,116.123,133.714,104.214,0.006,0.005,,2022/5/27,10:54:35,D:\ADVANTECH\B19AK10AI23-10AI_KYSPI\BCM-949510AI013.mdb,50,220,50,220,50,220,0.254,0.2032,1100010464-01,GOOD,,1,
C59,118.327,134.769,105.36,0.003,0.005,,2022/5/27,10:54:35,D:\ADVANTECH\B19AK10AI23-10AI_KYSPI\BCM-949510AI013.mdb,50,220,50,220,50,220,0.254,0.2032,1100010464-01,GOOD,,2,
C60,112.181,128.205,105.002,0.007,0.001,,2022/5/27,10:54:35,D:\ADVANTECH\B19AK10AI23-10AI_KYSPI\BCM-949510AI013.mdb,50,220,50,220,50,220,0.2032,0.254,1100009229-02,GOOD,,1,
C60,109.889,128.86,102.333,0.011,-0.001,,2022/5/27,10:54:35,D:\ADVANTECH\B19AK10AI23-10AI_KYSPI\BCM-949510AI013.mdb,50,220,50,220,50,220,0.2032,0.254,1100009229-02,GOOD,,2,
C61,118.924,134.008,106.493,0.015,0.002,,2022/5/27,10:54:35,D:\ADVANTECH\B19AK10AI23-10AI_KYSPI\BCM-949510AI013.mdb,50,220,50,220,50,220,0.2032,0.254,1100010464-01,GOOD,,1,
C61,113.392,128.302,106.055,0.003,-0.001,,2022/5/27,10:54:35,D:\ADVANTECH\B19AK10AI23-10AI_KYSPI\BCM-949510AI013.mdb,50,220,50,220,50,220,0.2032,0.254,1100010464-01,GOOD,,2,
C66,116.71,133.563,104.859,0.005,0.001,,2022/5/27,10:54:35,D:\ADVANTECH\B19AK10AI23-10AI_KYSPI\BCM-949510AI013.mdb,50,220,50,220,50,220,0.254,0.2032,1100009002-03,GOOD,,1,
C66,106.558,122.569,104.325,0.004,0,,2022/5/27,10:54:35,D:\ADVANTECH\B19AK10AI23-10AI_KYSPI\BCM-949510AI013.mdb,50,220,50,220,50,220,0.254,0.2032,1100009002-03,GOOD,,2,
C67,110.524,126.333,104.984,0.001,0.006,,2022/5/27,10:54:35,D:\ADVANTECH\B19AK10AI23-10AI_KYSPI\BCM-949510AI013.mdb,50,220,50,220,50,220,0.2032,0.254,1100009002-03,GOOD,,1,
C67,111.697,125.784,106.56,0.006,0.003,,2022/5/27,10:54:35,D:\ADVANTECH\B19AK10AI23-10AI_KYSPI\BCM-949510AI013.mdb,50,220,50,220,50,220,0.2032,0.254,1100009002-03,GOOD,,2,
C68,121.94,136.161,107.467,0.008,0.006,,2022/5/27,10:54:35,D:\ADVANTECH\B19AK10AI23-10AI_KYSPI\BCM-949510AI013.mdb,50,220,50,220,50,220,0.254,0.2032,1100009002-03,GOOD,,1,
C68,120.288,135.414,106.595,0.009,0.006,,2022/5/27,10:54:35,D:\ADVANTECH\B19AK10AI23-10AI_KYSPI\BCM-949510AI013.mdb,50,220,50,220,50,220,0.254,0.2032,1100009002-03,GOOD,,2,
C73,113.254,123.823,109.758,0.01,0.004,,2022/5/27,10:54:35,D:\ADVANTECH\B19AK10AI23-10AI_KYSPI\BCM-949510AI013.mdb,50,220,50,220,50,220,0.2032,0.254,1100009002-03,GOOD,,1,
C73,108.113,120.579,107.594,0.004,0.007,,2022/5/27,10:54:35,D:\ADVANTECH\B19AK10AI23-10AI_KYSPI\BCM-949510AI013.mdb,50,220,50,220,50,220,0.2032,0.254,1100009002-03,GOOD,,2,
C75,107.66,127.55,101.288,0.005,0.008,,2022/5/27,10:54:35,D:\ADVANTECH\B19AK10AI23-10AI_KYSPI\BCM-949510AI013.mdb,50,220,50,220,50,220,0.254,0.2032,1124418091-06,GOOD,,1,
C75,112.141,130.413,103.188,-0.004,0.009,,2022/5/27,10:54:35,D:\ADVANTECH\B19AK10AI23-10AI_KYSPI\BCM-949510AI013.mdb,50,220,50,220,50,220,0.254,0.2032,1124418091-06,GOOD,,2,
C77,101.732,116.764,104.552,0.007,-0.001,,2022/5/27,10:54:35,D:\ADVANTECH\B19AK10AI23-10AI_KYSPI\BCM-949510AI013.mdb,50,220,50,220,50,220,0.254,0.2032,1100009002-03,GOOD,,1,
C77,103.404,121.593,102.049,0.004,-0.002,,2022/5/27,10:54:35,D:\ADVANTECH\B19AK10AI23-10AI_KYSPI\BCM-949510AI013.mdb,50,220,50,220,50,220,0.254,0.2032,1100009002-03,GOOD,,2,
C78,124.849,133.658,112.092,0.011,-0.003,,2022/5/27,10:54:35,D:\ADVANTECH\B19AK10AI23-10AI_KYSPI\BCM-949510AI013.mdb,50,220,50,220,50,220,0.2032,0.254,1100010464-01,GOOD,,1,
C78,128.82,135.068,114.449,0.016,0.002,,2022/5/27,10:54:35,D:\ADVANTECH\B19AK10AI23-10AI_KYSPI\BCM-949510AI013.mdb,50,220,50,220,50,220,0.2032,0.254,1100010464-01,GOOD,,2,
C79,116.496,132.739,105.316,0.007,0.002,,2022/5/27,10:54:35,D:\ADVANTECH\B19AK10AI23-10AI_KYSPI\BCM-949510AI013.mdb,50,220,50,220,50,220,0.254,0.2032,1100009229-02,GOOD,,1,
C79,117.416,133.708,105.378,0.009,0.002,,2022/5/27,10:54:35,D:\ADVANTECH\B19AK10AI23-10AI_KYSPI\BCM-949510AI013.mdb,50,220,50,220,50,220,0.254,0.2032,1100009229-02,GOOD,,2,
C80,109.059,123.71,105.788,0.003,0.006,,2022/5/27,10:54:35,D:\ADVANTECH\B19AK10AI23-10AI_KYSPI\BCM-949510AI013.mdb,50,220,50,220,50,220,0.2032,0.254,1100010464-01,GOOD,,1,
C80,107.181,122.112,105.327,0.002,0.008,,2022/5/27,10:54:35,D:\ADVANTECH\B19AK10AI23-10AI_KYSPI\BCM-949510AI013.mdb,50,220,50,220,50,220,0.2032,0.254,1100010464-01,GOOD,,2,
C81,117.497,132.723,106.234,0.002,0.003,,2022/5/27,10:54:35,D:\ADVANTECH\B19AK10AI23-10AI_KYSPI\BCM-949510AI013.mdb,50,220,50,220,50,220,0.2032,0.254,Y5S10A3050,GOOD,,1,
C81,111.297,128.198,104.18,0.007,0.006,,2022/5/27,10:54:35,D:\ADVANTECH\B19AK10AI23-10AI_KYSPI\BCM-949510AI013.mdb,50,220,50,220,50,220,0.2032,0.254,Y5S10A3050,GOOD,,2,
C88,119.665,139.955,102.603,0.006,-0.002,,2022/5/27,10:54:35,D:\ADVANTECH\B19AK10AI23-10AI_KYSPI\BCM-949510AI013.mdb,50,220,50,220,50,220,0.444,0.508,1100006895-02,GOOD,,1,
C88,115.951,133.404,104.301,-0.01,-0.001,,2022/5/27,10:54:35,D:\ADVANTECH\B19AK10AI23-10AI_KYSPI\BCM-949510AI013.mdb,50,220,50,220,50,220,0.444,0.508,1100006895-02,GOOD,,2,
C89,123.055,133.159,110.895,0.027,-0.003,,2022/5/27,10:54:35,D:\ADVANTECH\B19AK10AI23-10AI_KYSPI\BCM-949510AI013.mdb,50,220,50,220,50,220,0.2032,0.254,1100010464-01,GOOD,,1,
C89,118.931,132.329,107.851,0.02,0,,2022/5/27,10:54:35,D:\ADVANTECH\B19AK10AI23-10AI_KYSPI\BCM-949510AI013.mdb,50,220,50,220,50,220,0.2032,0.254,1100010464-01,GOOD,,2,
C91,118.02,130.179,108.791,0.021,0.006,,2022/5/27,10:54:35,D:\ADVANTECH\B19AK10AI23-10AI_KYSPI\BCM-949510AI013.mdb,50,220,50,220,50,220,0.2032,0.254,1100010464-01,GOOD,,1,
C91,119.559,130.675,109.792,0.024,0.003,,2022/5/27,10:54:35,D:\ADVANTECH\B19AK10AI23-10AI_KYSPI\BCM-949510AI013.mdb,50,220,50,220,50,220,0.2032,0.254,1100010464-01,GOOD,,2,
C92,121.151,133.086,109.238,0.028,-0.005,,2022/5/27,10:54:35,D:\ADVANTECH\B19AK10AI23-10AI_KYSPI\BCM-949510AI013.mdb,50,220,50,220,50,220,0.2032,0.254,1100010464-01,GOOD,,1,
C92,119.149,133.995,106.705,0.014,0.002,,2022/5/27,10:54:35,D:\ADVANTECH\B19AK10AI23-10AI_KYSPI\BCM-949510AI013.mdb,50,220,50,220,50,220,0.2032,0.254,1100010464-01,GOOD,,2,
C93,114.6,128.292,107.193,0.006,-0.01,,2022/5/27,10:54:35,D:\ADVANTECH\B19AK10AI23-10AI_KYSPI\BCM-949510AI013.mdb,50,220,50,220,50,220,0.3252,0.3544,1100008245-02,GOOD,,1,
C93,114.875,131.887,104.521,0.004,-0.002,,2022/5/27,10:54:35,D:\ADVANTECH\B19AK10AI23-10AI_KYSPI\BCM-949510AI013.mdb,50,220,50,220,50,220,0.3252,0.3544,1100008245-02,GOOD,,2,
C94,121.454,136.737,106.588,0.034,0.002,,2022/5/27,10:54:35,D:\ADVANTECH\B19AK10AI23-10AI_KYSPI\BCM-949510AI013.mdb,50,220,50,220,50,220,0.254,0.2032,1100010464-01,GOOD,,1,
C94,117.847,132.366,106.837,0.007,0.003,,2022/5/27,10:54:35,D:\ADVANTECH\B19AK10AI23-10AI_KYSPI\BCM-949510AI013.mdb,50,220,50,220,50,220,0.254,0.2032,1100010464-01,GOOD,,2,
C95,106.855,121.335,105.68,0.005,-0.005,,2022/5/27,10:54:35,D:\ADVANTECH\B19AK10AI23-10AI_KYSPI\BCM-949510AI013.mdb,50,220,50,220,50,220,0.2032,0.254,1100010464-01,GOOD,,1,
C95,107.796,124.841,103.616,0.015,-0.008,,2022/5/27,10:54:35,D:\ADVANTECH\B19AK10AI23-10AI_KYSPI\BCM-949510AI013.mdb,50,220,50,220,50,220,0.2032,0.254,1100010464-01,GOOD,,2,
C98,114.918,127.748,107.948,0.027,-0.005,,2022/5/27,10:54:35,D:\ADVANTECH\B19AK10AI23-10AI_KYSPI\BCM-949510AI013.mdb,50,220,50,220,50,220,0.2032,0.254,1100010464-01,GOOD,,1,
C98,107.194,122.882,104.68,0.009,0,,2022/5/27,10:54:35,D:\ADVANTECH\B19AK10AI23-10AI_KYSPI\BCM-949510AI013.mdb,50,220,50,220,50,220,0.2032,0.254,1100010464-01,GOOD,,2,
C101,108.488,126.109,103.233,0.004,0.008,,2022/5/27,10:54:35,D:\ADVANTECH\B19AK10AI23-10AI_KYSPI\BCM-949510AI013.mdb,50,220,50,220,50,220,0.3252,0.3544,1100006362-04,GOOD,,1,
C101,112.458,128.975,104.632,0.005,0.006,,2022/5/27,10:54:35,D:\ADVANTECH\B19AK10AI23-10AI_KYSPI\BCM-949510AI013.mdb,50,220,50,220,50,220,0.3252,0.3544,1100006362-04,GOOD,,2,
C103,118.604,130.565,109.007,0.007,0.003,,2022/5/27,10:54:35,D:\ADVANTECH\B19AK10AI23-10AI_KYSPI\BCM-949510AI013.mdb,50,220,50,220,50,220,0.2032,0.254,1100010464-01,GOOD,,1,
C103,119.627,130.815,109.736,0.01,0,,2022/5/27,10:54:35,D:\ADVANTECH\B19AK10AI23-10AI_KYSPI\BCM-949510AI013.mdb,50,220,50,220,50,220,0.2032,0.254,1100010464-01,GOOD,,2,
C104,117.027,130.267,107.803,0.015,0.004,,2022/5/27,10:54:35,D:\ADVANTECH\B19AK10AI23-10AI_KYSPI\BCM-949510AI013.mdb,50,220,50,220,50,220,0.2032,0.254,1100010464-01,GOOD,,1,
C104,118.643,133.128,106.944,0.015,0.002,,2022/5/27,10:54:35,D:\ADVANTECH\B19AK10AI23-10AI_KYSPI\BCM-949510AI013.mdb,50,220,50,220,50,220,0.2032,0.254,1100010464-01,GOOD,,2,
C105,121.694,133.933,109.034,0.022,0.005,,2022/5/27,10:54:35,D:\ADVANTECH\B19AK10AI23-10AI_KYSPI\BCM-949510AI013.mdb,50,220,50,220,50,220,0.2032,0.254,1100010464-01,GOOD,,1,
C105,119.406,128.803,111.245,0.019,0.008,,2022/5/27,10:54:35,D:\ADVANTECH\B19AK10AI23-10AI_KYSPI\BCM-949510AI013.mdb,50,220,50,220,50,220,0.2032,0.254,1100010464-01,GOOD,,2,
C106,121.382,131.58,110.7,0.021,-0.002,,2022/5/27,10:54:35,D:\ADVANTECH\B19AK10AI23-10AI_KYSPI\BCM-949510AI013.mdb,50,220,50,220,50,220,0.2032,0.254,1100010464-01,GOOD,,1,
C106,116.561,130.494,107.188,0.019,0.003,,2022/5/27,10:54:35,D:\ADVANTECH\B19AK10AI23-10AI_KYSPI\BCM-949510AI013.mdb,50,220,50,220,50,220,0.2032,0.254,1100010464-01,GOOD,,2,
C107,114.429,125.495,109.418,0.013,-0.009,,2022/5/27,10:54:35,D:\ADVANTECH\B19AK10AI23-10AI_KYSPI\BCM-949510AI013.mdb,50,220,50,220,50,220,0.2032,0.254,1100010464-01,GOOD,,1,
C107,117.929,130.821,108.174,0.027,-0.004,,2022/5/27,10:54:35,D:\ADVANTECH\B19AK10AI23-10AI_KYSPI\BCM-949510AI013.mdb,50,220,50,220,50,220,0.2032,0.254,1100010464-01,GOOD,,2,
C108,122.243,133.579,109.816,0.018,0.004,,2022/5/27,10:54:35,D:\ADVANTECH\B19AK10AI23-10AI_KYSPI\BCM-949510AI013.mdb,50,220,50,220,50,220,0.2032,0.254,1100010464-01,GOOD,,1,
C108,125.49,136.379,110.418,0.021,0.009,,2022/5/27,10:54:35,D:\ADVANTECH\B19AK10AI23-10AI_KYSPI\BCM-949510AI013.mdb,50,220,50,220,50,220,0.2032,0.254,1100010464-01,GOOD,,2,
C112,120.432,132.464,109.101,0.018,0.008,,2022/5/27,10:54:35,D:\ADVANTECH\B19AK10AI23-10AI_KYSPI\BCM-949510AI013.mdb,50,220,50,220,50,220,0.2032,0.254,1100010464-01,GOOD,,1,
C112,114.915,126.545,108.971,0.014,0.003,,2022/5/27,10:54:35,D:\ADVANTECH\B19AK10AI23-10AI_KYSPI\BCM-949510AI013.mdb,50,220,50,220,50,220,0.2032,0.254,1100010464-01,GOOD,,2,
C114,119.045,133.083,107.342,0.016,-0.004,,2022/5/27,10:54:35,D:\ADVANTECH\B19AK10AI23-10AI_KYSPI\BCM-949510AI013.mdb,50,220,50,220,50,220,0.254,0.2032,1100010464-01,GOOD,,1,
C114,119.245,135.079,105.934,0.01,-0.004,,2022/5/27,10:54:35,D:\ADVANTECH\B19AK10AI23-10AI_KYSPI\BCM-949510AI013.mdb,50,220,50,220,50,220,0.254,0.2032,1100010464-01,GOOD,,2,
C117,121.553,136.788,106.635,0.014,-0.005,,2022/5/27,10:54:35,D:\ADVANTECH\B19AK10AI23-10AI_KYSPI\BCM-949510AI013.mdb,50,220,50,220,50,220,0.254,0.2032,1100010464-01,GOOD,,1,
C117,124.88,139.211,107.647,0.02,-0.005,,2022/5/27,10:54:35,D:\ADVANTECH\B19AK10AI23-10AI_KYSPI\BCM-949510AI013.mdb,50,220,50,220,50,220,0.254,0.2032,1100010464-01,GOOD,,2,
C231,116.375,130.371,107.117,0.029,-0.003,,2022/5/27,10:54:35,D:\ADVANTECH\B19AK10AI23-10AI_KYSPI\BCM-949510AI013.mdb,50,220,50,220,50,220,0.2032,0.254,Y5S10A3050,GOOD,,1,
C231,110.049,123.449,106.974,0.011,0.002,,2022/5/27,10:54:35,D:\ADVANTECH\B19AK10AI23-10AI_KYSPI\BCM-949510AI013.mdb,50,220,50,220,50,220,0.2032,0.254,Y5S10A3050,GOOD,,2,
C232,106.972,121.485,105.664,0.011,-0.004,,2022/5/27,10:54:35,D:\ADVANTECH\B19AK10AI23-10AI_KYSPI\BCM-949510AI013.mdb,50,220,50,220,50,220,0.2032,0.254,Y5S10A3050,GOOD,,1,
C232,114.358,128.482,106.808,0.021,0.001,,2022/5/27,10:54:35,D:\ADVANTECH\B19AK10AI23-10AI_KYSPI\BCM-949510AI013.mdb,50,220,50,220,50,220,0.2032,0.254,Y5S10A3050,GOOD,,2,
C240,112.598,126.579,106.746,0.007,-0.002,,2022/5/27,10:54:35,D:\ADVANTECH\B19AK10AI23-10AI_KYSPI\BCM-949510AI013.mdb,50,220,50,220,50,220,0.254,0.2032,1100010464-01,GOOD,,1,
C240,116.475,134.249,104.112,0,-0.002,,2022/5/27,10:54:35,D:\ADVANTECH\B19AK10AI23-10AI_KYSPI\BCM-949510AI013.mdb,50,220,50,220,50,220,0.254,0.2032,1100010464-01,GOOD,,2,
C241,112.647,128.59,105.122,0,0.007,,2022/5/27,10:54:35,D:\ADVANTECH\B19AK10AI23-10AI_KYSPI\BCM-949510AI013.mdb,50,220,50,220,50,220,0.254,0.2032,1100010464-01,GOOD,,1,
C241,118.555,137.101,103.768,0.005,0.008,,2022/5/27,10:54:35,D:\ADVANTECH\B19AK10AI23-10AI_KYSPI\BCM-949510AI013.mdb,50,220,50,220,50,220,0.254,0.2032,1100010464-01,GOOD,,2,
C242,113.228,130.138,104.408,0.006,0.01,,2022/5/27,10:54:35,D:\ADVANTECH\B19AK10AI23-10AI_KYSPI\BCM-949510AI013.mdb,50,220,50,220,50,220,0.254,0.2032,1100009002-03,GOOD,,1,
C242,109.323,124.839,105.086,0.007,0.01,,2022/5/27,10:54:35,D:\ADVANTECH\B19AK10AI23-10AI_KYSPI\BCM-949510AI013.mdb,50,220,50,220,50,220,0.254,0.2032,1100009002-03,GOOD,,2,
C243,119.097,135.945,105.128,0.04,-0.003,,2022/5/27,10:54:35,D:\ADVANTECH\B19AK10AI23-10AI_KYSPI\BCM-949510AI013.mdb,50,220,50,220,50,220,0.2032,0.254,1100010464-01,GOOD,,1,
C243,106.691,124.856,102.542,0.027,-0.001,,2022/5/27,10:54:35,D:\ADVANTECH\B19AK10AI23-10AI_KYSPI\BCM-949510AI013.mdb,50,220,50,220,50,220,0.2032,0.254,1100010464-01,GOOD,,2,
C249,114.592,127.07,108.217,0.02,0.004,,2022/5/27,10:54:35,D:\ADVANTECH\B19AK10AI23-10AI_KYSPI\BCM-949510AI013.mdb,50,220,50,220,50,220,0.2032,0.254,Y5S10A3050,GOOD,,1,
C249,113.793,126.771,107.715,0.015,0.001,,2022/5/27,10:54:35,D:\ADVANTECH\B19AK10AI23-10AI_KYSPI\BCM-949510AI013.mdb,50,220,50,220,50,220,0.2032,0.254,Y5S10A3050,GOOD,,2,
C250,111.962,128.483,104.57,0.008,-0.004,,2022/5/27,10:54:35,D:\ADVANTECH\B19AK10AI23-10AI_KYSPI\BCM-949510AI013.mdb,50,220,50,220,50,220,0.3252,0.3544,1100008245-02,GOOD,,1,
C250,108.946,126.164,103.623,0.005,-0.002,,2022/5/27,10:54:35,D:\ADVANTECH\B19AK10AI23-10AI_KYSPI\BCM-949510AI013.mdb,50,220,50,220,50,220,0.3252,0.3544,1100008245-02,GOOD,,2,
C251,115.39,130.741,105.91,0.013,-0.002,,2022/5/27,10:54:35,D:\ADVANTECH\B19AK10AI23-10AI_KYSPI\BCM-949510AI013.mdb,50,220,50,220,50,220,0.254,0.2032,1100010464-01,GOOD,,1,
C251,112.799,126.377,107.107,0.018,-0.002,,2022/5/27,10:54:35,D:\ADVANTECH\B19AK10AI23-10AI_KYSPI\BCM-949510AI013.mdb,50,220,50,220,50,220,0.254,0.2032,1100010464-01,GOOD,,2,
C252,111.679,123.905,108.159,0.01,-0.001,,2022/5/27,10:54:35,D:\ADVANTECH\B19AK10AI23-10AI_KYSPI\BCM-949510AI013.mdb,50,220,50,220,50,220,0.2032,0.254,1100010464-01,GOOD,,1,
C252,107.616,122.673,105.272,0.01,-0.004,,2022/5/27,10:54:35,D:\ADVANTECH\B19AK10AI23-10AI_KYSPI\BCM-949510AI013.mdb,50,220,50,220,50,220,0.2032,0.254,1100010464-01,GOOD,,2,
C253,116.68,127.392,109.909,0.011,0.002,,2022/5/27,10:54:35,D:\ADVANTECH\B19AK10AI23-10AI_KYSPI\BCM-949510AI013.mdb,50,220,50,220,50,220,0.2032,0.254,1100010464-01,GOOD,,1,
C253,118.917,133.068,107.238,0.02,0.005,,2022/5/27,10:54:35,D:\ADVANTECH\B19AK10AI23-10AI_KYSPI\BCM-949510AI013.mdb,50,220,50,220,50,220,0.2032,0.254,1100010464-01,GOOD,,2,
C254,118.052,131.751,107.523,0.021,-0.004,,2022/5/27,10:54:35,D:\ADVANTECH\B19AK10AI23-10AI_KYSPI\BCM-949510AI013.mdb,50,220,50,220,50,220,0.2032,0.254,1100010464-01,GOOD,,1,
C254,119.58,132.397,108.384,0.021,0.001,,2022/5/27,10:54:35,D:\ADVANTECH\B19AK10AI23-10AI_KYSPI\BCM-949510AI013.mdb,50,220,50,220,50,220,0.2032,0.254,1100010464-01,GOOD,,2,
C255,120.725,132.703,109.169,0.016,0.004,,2022/5/27,10:54:35,D:\ADVANTECH\B19AK10AI23-10AI_KYSPI\BCM-949510AI013.mdb,50,220,50,220,50,220,0.2032,0.254,1100010464-01,GOOD,,1,
C255,116.91,128.675,109.028,0.011,0.007,,2022/5/27,10:54:35,D:\ADVANTECH\B19AK10AI23-10AI_KYSPI\BCM-949510AI013.mdb,50,220,50,220,50,220,0.2032,0.254,1100010464-01,GOOD,,2,
C256,113.228,126.549,107.369,0.017,0.003,,2022/5/27,10:54:35,D:\ADVANTECH\B19AK10AI23-10AI_KYSPI\BCM-949510AI013.mdb,50,220,50,220,50,220,0.2032,0.254,1100010464-01,GOOD,,1,
C256,113.315,128.053,106.189,0.024,0.001,,2022/5/27,10:54:35,D:\ADVANTECH\B19AK10AI23-10AI_KYSPI\BCM-949510AI013.mdb,50,220,50,220,50,220,0.2032,0.254,1100010464-01,GOOD,,2,
C258,111.541,131.56,101.74,0.001,-0.004,,2022/5/27,10:54:35,D:\ADVANTECH\B19AK10AI23-10AI_KYSPI\BCM-949510AI013.mdb,50,220,50,220,50,220,0.444,0.508,1100006895-02,GOOD,,1,
C258,114.91,130.108,105.983,-0.004,-0.003,,2022/5/27,10:54:35,D:\ADVANTECH\B19AK10AI23-10AI_KYSPI\BCM-949510AI013.mdb,50,220,50,220,50,220,0.444,0.508,1100006895-02,GOOD,,2,
C289,109.543,129.083,101.835,0.01,-0.001,,2022/5/27,10:54:35,D:\ADVANTECH\B19AK10AI23-10AI_KYSPI\BCM-949510AI013.mdb,50,220,50,220,50,220,0.5196,0.9552,Y5S10AI006,GOOD,,1,
C289,109.554,126.924,103.578,0.004,0,,2022/5/27,10:54:35,D:\ADVANTECH\B19AK10AI23-10AI_KYSPI\BCM-949510AI013.mdb,50,220,50,220,50,220,0.5196,0.9552,Y5S10AI006,GOOD,,2,
C292,117.718,130.205,108.492,0.019,0.007,,2022/5/27,10:54:35,D:\ADVANTECH\B19AK10AI23-10AI_KYSPI\BCM-949510AI013.mdb,50,220,50,220,50,220,0.2032,0.254,1100010464-01,GOOD,,1,
C292,116.073,133.184,104.582,0.017,0.004,,2022/5/27,10:54:35,D:\ADVANTECH\B19AK10AI23-10AI_KYSPI\BCM-949510AI013.mdb,50,220,50,220,50,220,0.2032,0.254,1100010464-01,GOOD,,2,
C295,120.531,133.071,108.691,0.013,-0.001,,2022/5/27,10:54:35,D:\ADVANTECH\B19AK10AI23-10AI_KYSPI\BCM-949510AI013.mdb,50,220,50,220,50,220,0.254,0.2032,1100010464-01,GOOD,,1,
C295,123.09,134.638,109.708,0.014,-0.001,,2022/5/27,10:54:35,D:\ADVANTECH\B19AK10AI23-10AI_KYSPI\BCM-949510AI013.mdb,50,220,50,220,50,220,0.254,0.2032,1100010464-01,GOOD,,2,
C298,121.436,135.796,107.31,0.017,-0.001,,2022/5/27,10:54:35,D:\ADVANTECH\B19AK10AI23-10AI_KYSPI\BCM-949510AI013.mdb,50,220,50,220,50,220,0.254,0.2032,1100010464-01,GOOD,,1,
C298,122.587,137.038,107.346,0.011,0,,2022/5/27,10:54:35,D:\ADVANTECH\B19AK10AI23-10AI_KYSPI\BCM-949510AI013.mdb,50,220,50,220,50,220,0.254,0.2032,1100010464-01,GOOD,,2,
C311,112.353,128.374,105.024,0.019,-0.007,,2022/5/27,10:54:35,D:\ADVANTECH\B19AK10AI23-10AI_KYSPI\BCM-949510AI013.mdb,50,220,50,220,50,220,0.2032,0.254,1100007318-04,GOOD,,1,
C311,105.978,120.705,105.359,0.01,-0.005,,2022/5/27,10:54:35,D:\ADVANTECH\B19AK10AI23-10AI_KYSPI\BCM-949510AI013.mdb,50,220,50,220,50,220,0.2032,0.254,1100007318-04,GOOD,,2,
C312,124.338,140.849,105.933,0.016,0.006,,2022/5/27,10:54:35,D:\ADVANTECH\B19AK10AI23-10AI_KYSPI\BCM-949510AI013.mdb,50,220,50,220,50,220,0.254,0.2032,1100007318-04,GOOD,,1,
C312,120.612,138.796,104.279,0.017,0.005,,2022/5/27,10:54:35,D:\ADVANTECH\B19AK10AI23-10AI_KYSPI\BCM-949510AI013.mdb,50,220,50,220,50,220,0.254,0.2032,1100007318-04,GOOD,,2,
C313,112.056,128.615,104.551,0.01,-0.008,,2022/5/27,10:54:35,D:\ADVANTECH\B19AK10AI23-10AI_KYSPI\BCM-949510AI013.mdb,50,220,50,220,50,220,0.254,0.2032,1100007318-04,GOOD,,1,
C313,118.362,134.835,105.34,0.024,-0.009,,2022/5/27,10:54:35,D:\ADVANTECH\B19AK10AI23-10AI_KYSPI\BCM-949510AI013.mdb,50,220,50,220,50,220,0.254,0.2032,1100007318-04,GOOD,,2,
C314,110.615,125.506,105.762,0.003,0.006,,2022/5/27,10:54:35,D:\ADVANTECH\B19AK10AI23-10AI_KYSPI\BCM-949510AI013.mdb,50,220,50,220,50,220,0.254,0.2032,1100007318-04,GOOD,,1,
C314,114.037,130.322,105.005,0.006,0.007,,2022/5/27,10:54:35,D:\ADVANTECH\B19AK10AI23-10AI_KYSPI\BCM-949510AI013.mdb,50,220,50,220,50,220,0.254,0.2032,1100007318-04,GOOD,,2,
C315,127.437,143.056,106.898,0.018,0.005,,2022/5/27,10:54:35,D:\ADVANTECH\B19AK10AI23-10AI_KYSPI\BCM-949510AI013.mdb,50,220,50,220,50,220,0.254,0.2032,1100007318-04,GOOD,,1,
C315,123.753,140.209,105.916,0.01,-0.002,,2022/5/27,10:54:35,D:\ADVANTECH\B19AK10AI23-10AI_KYSPI\BCM-949510AI013.mdb,50,220,50,220,50,220,0.254,0.2032,1100007318-04,GOOD,,2,
C316,119.846,135.048,106.492,0.019,-0.003,,2022/5/27,10:54:35,D:\ADVANTECH\B19AK10AI23-10AI_KYSPI\BCM-949510AI013.mdb,50,220,50,220,50,220,0.254,0.2032,1100007318-04,GOOD,,1,
C316,123.594,139.416,106.381,0.016,0.004,,2022/5/27,10:54:35,D:\ADVANTECH\B19AK10AI23-10AI_KYSPI\BCM-949510AI013.mdb,50,220,50,220,50,220,0.254,0.2032,1100007318-04,GOOD,,2,
C320,119.399,134.612,106.439,0.019,0.002,,2022/5/27,10:54:35,D:\ADVANTECH\B19AK10AI23-10AI_KYSPI\BCM-949510AI013.mdb,50,220,50,220,50,220,0.2032,0.254,1100007318-04,GOOD,,1,
C320,120.279,136.375,105.836,0.017,-0.001,,2022/5/27,10:54:35,D:\ADVANTECH\B19AK10AI23-10AI_KYSPI\BCM-949510AI013.mdb,50,220,50,220,50,220,0.2032,0.254,1100007318-04,GOOD,,2,
C324,111.885,128.318,104.632,0.012,0.009,,2022/5/27,10:54:35,D:\ADVANTECH\B19AK10AI23-10AI_KYSPI\BCM-949510AI013.mdb,50,220,50,220,50,220,0.254,0.2032,1124422091-03,GOOD,,1,
C324,101.063,117.885,102.876,0.006,0.008,,2022/5/27,10:54:35,D:\ADVANTECH\B19AK10AI23-10AI_KYSPI\BCM-949510AI013.mdb,50,220,50,220,50,220,0.254,0.2032,1124422091-03,GOOD,,2,
C325,117.726,132.467,106.646,-0.005,0.004,,2022/5/27,10:54:35,D:\ADVANTECH\B19AK10AI23-10AI_KYSPI\BCM-949510AI013.mdb,50,220,50,220,50,220,0.3544,0.3252,1100000214-04,GOOD,,1,
C325,108.969,127.594,102.483,0.006,0.003,,2022/5/27,10:54:35,D:\ADVANTECH\B19AK10AI23-10AI_KYSPI\BCM-949510AI013.mdb,50,220,50,220,50,220,0.3544,0.3252,1100000214-04,GOOD,,2,
C333,117.238,133.501,105.382,0.009,0.004,,2022/5/27,10:54:35,D:\ADVANTECH\B19AK10AI23-10AI_KYSPI\BCM-949510AI013.mdb,50,220,50,220,50,220,0.254,0.2032,1100010464-01,GOOD,,1,
C333,116.357,132.224,105.599,0.013,0.005,,2022/5/27,10:54:35,D:\ADVANTECH\B19AK10AI23-10AI_KYSPI\BCM-949510AI013.mdb,50,220,50,220,50,220,0.254,0.2032,1100010464-01,GOOD,,2,
C335,99.408,119.033,100.216,0.004,-0.006,,2022/5/27,10:54:35,D:\ADVANTECH\B19AK10AI23-10AI_KYSPI\BCM-949510AI013.mdb,50,220,50,220,50,220,1.016,1.3792,1100003785-01,GOOD,,1,
C335,103.798,123.539,100.824,0.007,-0.002,,2022/5/27,10:54:35,D:\ADVANTECH\B19AK10AI23-10AI_KYSPI\BCM-949510AI013.mdb,50,220,50,220,50,220,1.016,1.3792,1100003785-01,GOOD,,2,
C340,116.072,132.932,104.78,0.001,0.009,,2022/5/27,10:54:35,D:\ADVANTECH\B19AK10AI23-10AI_KYSPI\BCM-949510AI013.mdb,50,220,50,220,50,220,0.254,0.2032,1100010464-01,GOOD,,1,
C340,120.364,139.881,103.257,0.001,0.009,,2022/5/27,10:54:35,D:\ADVANTECH\B19AK10AI23-10AI_KYSPI\BCM-949510AI013.mdb,50,220,50,220,50,220,0.254,0.2032,1100010464-01,GOOD,,2,
C341,106.058,127.031,100.188,-0.005,0.006,,2022/5/27,10:54:35,D:\ADVANTECH\B19AK10AI23-10AI_KYSPI\BCM-949510AI013.mdb,50,220,50,220,50,220,1.016,1.3792,1100003785-01,GOOD,,1,
C341,105.525,126.363,100.212,0.004,0.001,,2022/5/27,10:54:35,D:\ADVANTECH\B19AK10AI23-10AI_KYSPI\BCM-949510AI013.mdb,50,220,50,220,50,220,1.016,1.3792,1100003785-01,GOOD,,2,
C344,112.157,130.744,102.941,0,0.002,,2022/5/27,10:54:35,D:\ADVANTECH\B19AK10AI23-10AI_KYSPI\BCM-949510AI013.mdb,50,220,50,220,50,220,0.9552,0.5196,Y5S10AG016,GOOD,,1,
C344,107.914,128.071,101.113,-0.001,0,,2022/5/27,10:54:35,D:\ADVANTECH\B19AK10AI23-10AI_KYSPI\BCM-949510AI013.mdb,50,220,50,220,50,220,0.9552,0.5196,Y5S10AG016,GOOD,,2,
C345,113.704,132.243,103.177,0.003,0.004,,2022/5/27,10:54:35,D:\ADVANTECH\B19AK10AI23-10AI_KYSPI\BCM-949510AI013.mdb,50,220,50,220,50,220,0.9552,0.5196,Y5S10AG016,GOOD,,1,
C345,110.244,129.441,102.203,0.001,0.002,,2022/5/27,10:54:35,D:\ADVANTECH\B19AK10AI23-10AI_KYSPI\BCM-949510AI013.mdb,50,220,50,220,50,220,0.9552,0.5196,Y5S10AG016,GOOD,,2,
C346,116.39,129.545,107.814,-0.001,0.006,,2022/5/27,10:54:35,D:\ADVANTECH\B19AK10AI23-10AI_KYSPI\BCM-949510AI013.mdb,50,220,50,220,50,220,0.2032,0.254,1124433091-06,GOOD,,1,
C346,115.419,133.376,103.844,0.005,0.003,,2022/5/27,10:54:35,D:\ADVANTECH\B19AK10AI23-10AI_KYSPI\BCM-949510AI013.mdb,50,220,50,220,50,220,0.2032,0.254,1124433091-06,GOOD,,2,
C348,118.542,137.851,103.191,0.009,0.001,,2022/5/27,10:54:35,D:\ADVANTECH\B19AK10AI23-10AI_KYSPI\BCM-949510AI013.mdb,50,220,50,220,50,220,0.2032,0.254,1100010464-01,GOOD,,1,
C348,121.098,139.603,104.094,0.013,0.004,,2022/5/27,10:54:35,D:\ADVANTECH\B19AK10AI23-10AI_KYSPI\BCM-949510AI013.mdb,50,220,50,220,50,220,0.2032,0.254,1100010464-01,GOOD,,2,
C351,112.562,129.313,104.455,0,-0.001,,2022/5/27,10:54:35,D:\ADVANTECH\B19AK10AI23-10AI_KYSPI\BCM-949510AI013.mdb,50,220,50,220,50,220,0.2032,0.254,1100010464-01,GOOD,,1,
C351,114.712,132.56,103.843,-0.002,0.004,,2022/5/27,10:54:35,D:\ADVANTECH\B19AK10AI23-10AI_KYSPI\BCM-949510AI013.mdb,50,220,50,220,50,220,0.2032,0.254,1100010464-01,GOOD,,2,
C352,112.45,126.545,106.634,0.003,-0.002,,2022/5/27,10:54:35,D:\ADVANTECH\B19AK10AI23-10AI_KYSPI\BCM-949510AI013.mdb,50,220,50,220,50,220,0.2032,0.254,1100010464-01,GOOD,,1,
C352,120.15,136,106.014,0.015,0.003,,2022/5/27,10:54:35,D:\ADVANTECH\B19AK10AI23-10AI_KYSPI\BCM-949510AI013.mdb,50,220,50,220,50,220,0.2032,0.254,1100010464-01,GOOD,,2,
C353,116.007,130.973,106.288,0.005,0.004,,2022/5/27,10:54:35,D:\ADVANTECH\B19AK10AI23-10AI_KYSPI\BCM-949510AI013.mdb,50,220,50,220,50,220,0.2032,0.254,1100010464-01,GOOD,,1,
C353,113.777,125.963,108.39,0.005,-0.001,,2022/5/27,10:54:35,D:\ADVANTECH\B19AK10AI23-10AI_KYSPI\BCM-949510AI013.mdb,50,220,50,220,50,220,0.2032,0.254,1100010464-01,GOOD,,2,
C358,104.615,120.9,103.836,0.01,-0.004,,2022/5/27,10:54:35,D:\ADVANTECH\B19AK10AI23-10AI_KYSPI\BCM-949510AI013.mdb,50,220,50,220,50,220,0.2032,0.254,1100010464-01,GOOD,,1,
C358,105.237,122.02,103.495,0.017,-0.001,,2022/5/27,10:54:35,D:\ADVANTECH\B19AK10AI23-10AI_KYSPI\BCM-949510AI013.mdb,50,220,50,220,50,220,0.2032,0.254,1100010464-01,GOOD,,2,
C360,104.321,120.878,103.564,0.008,0.004,,2022/5/27,10:54:35,D:\ADVANTECH\B19AK10AI23-10AI_KYSPI\BCM-949510AI013.mdb,50,220,50,220,50,220,0.2032,0.254,1100007318-04,GOOD,,1,
C360,107.702,123.308,104.812,0.008,0.007,,2022/5/27,10:54:35,D:\ADVANTECH\B19AK10AI23-10AI_KYSPI\BCM-949510AI013.mdb,50,220,50,220,50,220,0.2032,0.254,1100007318-04,GOOD,,2,
C367,107.864,123.081,105.164,0.004,-0.008,,2022/5/27,10:54:35,D:\ADVANTECH\B19AK10AI23-10AI_KYSPI\BCM-949510AI013.mdb,50,220,50,220,50,220,0.254,0.2032,1100010464-01,GOOD,,1,
C367,117.182,131.703,106.769,0.026,-0.009,,2022/5/27,10:54:35,D:\ADVANTECH\B19AK10AI23-10AI_KYSPI\BCM-949510AI013.mdb,50,220,50,220,50,220,0.254,0.2032,1100010464-01,GOOD,,2,
C376,107.449,126.647,101.809,0.001,0.006,,2022/5/27,10:54:35,D:\ADVANTECH\B19AK10AI23-10AI_KYSPI\BCM-949510AI013.mdb,50,220,50,220,50,220,0.5196,0.9552,Y5S10AI006,GOOD,,1,
C376,112.219,129.909,103.659,-0.002,-0.006,,2022/5/27,10:54:35,D:\ADVANTECH\B19AK10AI23-10AI_KYSPI\BCM-949510AI013.mdb,50,220,50,220,50,220,0.5196,0.9552,Y5S10AI006,GOOD,,2,
C378,118.264,132.13,107.407,0.014,-0.003,,2022/5/27,10:54:35,D:\ADVANTECH\B19AK10AI23-10AI_KYSPI\BCM-949510AI013.mdb,50,220,50,220,50,220,0.2032,0.254,1100010464-01,GOOD,,1,
C378,114.899,130.435,105.707,0.006,-0.001,,2022/5/27,10:54:35,D:\ADVANTECH\B19AK10AI23-10AI_KYSPI\BCM-949510AI013.mdb,50,220,50,220,50,220,0.2032,0.254,1100010464-01,GOOD,,2,
C379,115.011,128.986,106.999,0.009,-0.004,,2022/5/27,10:54:35,D:\ADVANTECH\B19AK10AI23-10AI_KYSPI\BCM-949510AI013.mdb,50,220,50,220,50,220,0.2032,0.254,1100010464-01,GOOD,,1,
C379,113.499,127.867,106.516,0.012,-0.001,,2022/5/27,10:54:35,D:\ADVANTECH\B19AK10AI23-10AI_KYSPI\BCM-949510AI013.mdb,50,220,50,220,50,220,0.2032,0.254,1100010464-01,GOOD,,2,
C380,113.386,130.43,104.319,0.013,-0.004,,2022/5/27,10:54:35,D:\ADVANTECH\B19AK10AI23-10AI_KYSPI\BCM-949510AI013.mdb,50,220,50,220,50,220,0.2032,0.254,1100007318-04,GOOD,,1,
C380,112.599,130.201,103.778,0.015,-0.002,,2022/5/27,10:54:35,D:\ADVANTECH\B19AK10AI23-10AI_KYSPI\BCM-949510AI013.mdb,50,220,50,220,50,220,0.2032,0.254,1100007318-04,GOOD,,2,
C381,112.931,128.102,105.788,0.014,-0.005,,2022/5/27,10:54:35,D:\ADVANTECH\B19AK10AI23-10AI_KYSPI\BCM-949510AI013.mdb,50,220,50,220,50,220,0.2032,0.254,1100007318-04,GOOD,,1,
C381,108.372,125.53,103.597,0.011,-0.002,,2022/5/27,10:54:35,D:\ADVANTECH\B19AK10AI23-10AI_KYSPI\BCM-949510AI013.mdb,50,220,50,220,50,220,0.2032,0.254,1100007318-04,GOOD,,2,
D3,112.03,127.9,105.111,0.006,-0.006,,2022/5/27,10:54:35,D:\ADVANTECH\B19AK10AI23-10AI_KYSPI\BCM-949510AI013.mdb,50,220,50,220,50,220,0.244,0.508,1300005919-01,GOOD,,1,
D3,109.937,126.511,104.279,0.011,-0.005,,2022/5/27,10:54:35,D:\ADVANTECH\B19AK10AI23-10AI_KYSPI\BCM-949510AI013.mdb,50,220,50,220,50,220,0.244,0.508,1300005919-01,GOOD,,2,
D3,118.002,132.267,107.059,0.015,-0.001,,2022/5/27,10:54:35,D:\ADVANTECH\B19AK10AI23-10AI_KYSPI\BCM-949510AI013.mdb,50,220,50,220,50,220,0.244,0.508,1300005919-01,GOOD,,3,
D9,111.473,131.671,101.592,0,0.003,,2022/5/27,10:54:35,D:\ADVANTECH\B19AK10AI23-10AI_KYSPI\BCM-949510AI013.mdb,50,220,50,220,50,220,1.0972,0.9436,Y5S10A5172,GOOD,,1,
D9,109.812,130.568,100.924,0.012,-0.002,,2022/5/27,10:54:35,D:\ADVANTECH\B19AK10AI23-10AI_KYSPI\BCM-949510AI013.mdb,50,220,50,220,50,220,1.0972,0.9436,Y5S10A5172,GOOD,,2,
D12,117.493,138.238,101.992,0.002,-0.001,,2022/5/27,10:54:35,D:\ADVANTECH\B19AK10AI23-10AI_KYSPI\BCM-949510AI013.mdb,50,220,50,220,50,220,1.0972,0.9436,Y5S10A5172,GOOD,,1,
D12,105.171,125.46,100.594,-0.003,-0.001,,2022/5/27,10:54:35,D:\ADVANTECH\B19AK10AI23-10AI_KYSPI\BCM-949510AI013.mdb,50,220,50,220,50,220,1.0972,0.9436,Y5S10A5172,GOOD,,2,
D23,112.351,132.815,101.51,0.005,-0.006,,2022/5/27,10:54:35,D:\ADVANTECH\B19AK10AI23-10AI_KYSPI\BCM-949510AI013.mdb,50,220,50,220,50,220,1.0972,0.9436,Y5S10A5172,GOOD,,1,
D23,108.435,129.101,100.791,0.001,-0.004,,2022/5/27,10:54:35,D:\ADVANTECH\B19AK10AI23-10AI_KYSPI\BCM-949510AI013.mdb,50,220,50,220,50,220,1.0972,0.9436,Y5S10A5172,GOOD,,2,
D26,113.791,133.916,101.966,0.004,0.001,,2022/5/27,10:54:35,D:\ADVANTECH\B19AK10AI23-10AI_KYSPI\BCM-949510AI013.mdb,50,220,50,220,50,220,1.0972,0.9436,Y5S10A5172,GOOD,,1,
D26,106.408,126.896,100.625,0,0.002,,2022/5/27,10:54:35,D:\ADVANTECH\B19AK10AI23-10AI_KYSPI\BCM-949510AI013.mdb,50,220,50,220,50,220,1.0972,0.9436,Y5S10A5172,GOOD,,2,
D35,113.729,131.665,103.653,0.003,0,,2022/5/27,10:54:35,D:\ADVANTECH\B19AK10AI23-10AI_KYSPI\BCM-949510AI013.mdb,50,220,50,220,50,220,0.588,0.4064,Y5S10AG007,GOOD,,1,
D35,119.871,137.607,104.533,0.009,0.002,,2022/5/27,10:54:35,D:\ADVANTECH\B19AK10AI23-10AI_KYSPI\BCM-949510AI013.mdb,50,220,50,220,50,220,0.588,0.4064,Y5S10AG007,GOOD,,2,
D58,118.404,133.382,106.524,0.007,0.001,,2022/5/27,10:54:35,D:\ADVANTECH\B19AK10AI23-10AI_KYSPI\BCM-949510AI013.mdb,50,220,50,220,50,220,0.2844,0.2032,Y5S10AH008,GOOD,,1,
D58,115.179,130.769,105.694,0.003,0.005,,2022/5/27,10:54:35,D:\ADVANTECH\B19AK10AI23-10AI_KYSPI\BCM-949510AI013.mdb,50,220,50,220,50,220,0.2844,0.2032,Y5S10AH008,GOOD,,2,
D58,110.422,126.264,104.944,0.004,-0.005,,2022/5/27,10:54:35,D:\ADVANTECH\B19AK10AI23-10AI_KYSPI\BCM-949510AI013.mdb,50,220,50,220,50,220,0.2844,0.2032,Y5S10AH008,GOOD,,3,
D59,117.085,132.077,106.379,0.007,-0.007,,2022/5/27,10:54:35,D:\ADVANTECH\B19AK10AI23-10AI_KYSPI\BCM-949510AI013.mdb,50,220,50,220,50,220,0.2844,0.2032,Y5S10AH008,GOOD,,1,
D59,121.108,133.872,108.559,0.01,-0.003,,2022/5/27,10:54:35,D:\ADVANTECH\B19AK10AI23-10AI_KYSPI\BCM-949510AI013.mdb,50,220,50,220,50,220,0.2844,0.2032,Y5S10AH008,GOOD,,2,
D59,109.759,126.826,103.852,0.005,0.002,,2022/5/27,10:54:35,D:\ADVANTECH\B19AK10AI23-10AI_KYSPI\BCM-949510AI013.mdb,50,220,50,220,50,220,0.2844,0.2032,Y5S10AH008,GOOD,,3,
D60,117.96,132.18,107.09,0.005,-0.007,,2022/5/27,10:54:35,D:\ADVANTECH\B19AK10AI23-10AI_KYSPI\BCM-949510AI013.mdb,50,220,50,220,50,220,0.2844,0.2032,Y5S10AH008,GOOD,,1,
D60,120.283,130.659,110.471,0.009,-0.003,,2022/5/27,10:54:35,D:\ADVANTECH\B19AK10AI23-10AI_KYSPI\BCM-949510AI013.mdb,50,220,50,220,50,220,0.2844,0.2032,Y5S10AH008,GOOD,,2,
D60,119.233,134.98,106,0.015,0.002,,2022/5/27,10:54:35,D:\ADVANTECH\B19AK10AI23-10AI_KYSPI\BCM-949510AI013.mdb,50,220,50,220,50,220,0.2844,0.2032,Y5S10AH008,GOOD,,3,
D61,111.921,128.917,104.18,0.008,-0.004,,2022/5/27,10:54:35,D:\ADVANTECH\B19AK10AI23-10AI_KYSPI\BCM-949510AI013.mdb,50,220,50,220,50,220,0.2844,0.2032,Y5S10AH008,GOOD,,1,
D61,111.363,125.534,106.454,0.008,0,,2022/5/27,10:54:35,D:\ADVANTECH\B19AK10AI23-10AI_KYSPI\BCM-949510AI013.mdb,50,220,50,220,50,220,0.2844,0.2032,Y5S10AH008,GOOD,,2,
D61,109.419,124.658,105.331,0.009,0.005,,2022/5/27,10:54:35,D:\ADVANTECH\B19AK10AI23-10AI_KYSPI\BCM-949510AI013.mdb,50,220,50,220,50,220,0.2844,0.2032,Y5S10AH008,GOOD,,3,
F3,104.976,124.183,101.44,0,-0.003,,2022/5/27,10:54:35,D:\ADVANTECH\B19AK10AI23-10AI_KYSPI\BCM-949510AI013.mdb,50,220,50,220,50,220,0.8712,1.26,Y5S10AG006,GOOD,,1,
F3,102.397,122.039,100.685,0,-0.005,,2022/5/27,10:54:35,D:\ADVANTECH\B19AK10AI23-10AI_KYSPI\BCM-949510AI013.mdb,50,220,50,220,50,220,0.8712,1.26,Y5S10AG006,GOOD,,2,
F4,107.183,126.57,101.619,0.002,0.005,,2022/5/27,10:54:35,D:\ADVANTECH\B19AK10AI23-10AI_KYSPI\BCM-949510AI013.mdb,50,220,50,220,50,220,0.8712,1.26,Y5S10AG006,GOOD,,1,
F4,106.727,126.707,101.078,0.006,0.002,,2022/5/27,10:54:35,D:\ADVANTECH\B19AK10AI23-10AI_KYSPI\BCM-949510AI013.mdb,50,220,50,220,50,220,0.8712,1.26,Y5S10AG006,GOOD,,2,
F5,105.547,125.133,101.218,0.004,-0.007,,2022/5/27,10:54:35,D:\ADVANTECH\B19AK10AI23-10AI_KYSPI\BCM-949510AI013.mdb,50,220,50,220,50,220,0.8712,1.26,Y5S10AG006,GOOD,,1,
F5,101.522,121.457,100.304,0.002,-0.01,,2022/5/27,10:54:35,D:\ADVANTECH\B19AK10AI23-10AI_KYSPI\BCM-949510AI013.mdb,50,220,50,220,50,220,0.8712,1.26,Y5S10AG006,GOOD,,2,
F6,106.081,125.508,101.425,0.002,-0.009,,2022/5/27,10:54:35,D:\ADVANTECH\B19AK10AI23-10AI_KYSPI\BCM-949510AI013.mdb,50,220,50,220,50,220,0.8712,1.26,Y5S10AG006,GOOD,,1,
F6,102.2,121.756,100.726,0.001,-0.012,,2022/5/27,10:54:35,D:\ADVANTECH\B19AK10AI23-10AI_KYSPI\BCM-949510AI013.mdb,50,220,50,220,50,220,0.8712,1.26,Y5S10AG006,GOOD,,2,
F8,106.79,125.798,101.869,0.006,0.002,,2022/5/27,10:54:35,D:\ADVANTECH\B19AK10AI23-10AI_KYSPI\BCM-949510AI013.mdb,50,220,50,220,50,220,0.8712,1.26,Y5S10AG006,GOOD,,1,
F8,101.28,121.114,100.349,0.004,-0.001,,2022/5/27,10:54:35,D:\ADVANTECH\B19AK10AI23-10AI_KYSPI\BCM-949510AI013.mdb,50,220,50,220,50,220,0.8712,1.26,Y5S10AG006,GOOD,,2,
F9,107.161,126.479,101.672,0.008,0.003,,2022/5/27,10:54:35,D:\ADVANTECH\B19AK10AI23-10AI_KYSPI\BCM-949510AI013.mdb,50,220,50,220,50,220,0.8712,1.26,Y5S10AG006,GOOD,,1,
F9,103.755,123.839,100.539,0.006,0,,2022/5/27,10:54:35,D:\ADVANTECH\B19AK10AI23-10AI_KYSPI\BCM-949510AI013.mdb,50,220,50,220,50,220,0.8712,1.26,Y5S10AG006,GOOD,,2,
F10,106.924,126.309,101.583,-0.009,-0.007,,2022/5/27,10:54:35,D:\ADVANTECH\B19AK10AI23-10AI_KYSPI\BCM-949510AI013.mdb,50,220,50,220,50,220,0.8712,1.26,Y5S10AG006,GOOD,,1,
F10,103.775,123.938,100.478,-0.004,-0.01,,2022/5/27,10:54:35,D:\ADVANTECH\B19AK10AI23-10AI_KYSPI\BCM-949510AI013.mdb,50,220,50,220,50,220,0.8712,1.26,Y5S10AG006,GOOD,,2,
F11,106.92,126.459,101.459,-0.007,-0.005,,2022/5/27,10:54:35,D:\ADVANTECH\B19AK10AI23-10AI_KYSPI\BCM-949510AI013.mdb,50,220,50,220,50,220,0.8712,1.26,Y5S10AG006,GOOD,,1,
F11,103.064,122.889,100.641,-0.003,-0.008,,2022/5/27,10:54:35,D:\ADVANTECH\B19AK10AI23-10AI_KYSPI\BCM-949510AI013.mdb,50,220,50,220,50,220,0.8712,1.26,Y5S10AG006,GOOD,,2,
FB2,109.945,129.301,102.036,0.006,-0.002,,2022/5/27,10:54:35,D:\ADVANTECH\B19AK10AI23-10AI_KYSPI\BCM-949510AI013.mdb,50,220,50,220,50,220,0.4188,0.508,1212003703-10A4,GOOD,,1,
FB2,119.341,134.7,106.317,-0.001,-0.001,,2022/5/27,10:54:35,D:\ADVANTECH\B19AK10AI23-10AI_KYSPI\BCM-949510AI013.mdb,50,220,50,220,50,220,0.4188,0.508,1212003703-10A4,GOOD,,2,
FB4,109.156,125.306,104.534,0.008,0.008,,2022/5/27,10:54:35,D:\ADVANTECH\B19AK10AI23-10AI_KYSPI\BCM-949510AI013.mdb,50,220,50,220,50,220,0.508,0.4188,1212003703-10A4,GOOD,,1,
FB4,114.227,132.989,103.071,0.001,-0.007,,2022/5/27,10:54:35,D:\ADVANTECH\B19AK10AI23-10AI_KYSPI\BCM-949510AI013.mdb,50,220,50,220,50,220,0.508,0.4188,1212003703-10A4,GOOD,,2,
FB6,114.209,129.467,105.858,0.004,0.009,,2022/5/27,10:54:35,D:\ADVANTECH\B19AK10AI23-10AI_KYSPI\BCM-949510AI013.mdb,50,220,50,220,50,220,0.508,0.4188,1212003703-10A4,GOOD,,1,
FB6,113.188,131.807,103.049,0,-0.006,,2022/5/27,10:54:35,D:\ADVANTECH\B19AK10AI23-10AI_KYSPI\BCM-949510AI013.mdb,50,220,50,220,50,220,0.508,0.4188,1212003703-10A4,GOOD,,2,
FB7,123.136,139.353,106.035,0.023,-0.004,,2022/5/27,10:54:35,D:\ADVANTECH\B19AK10AI23-10AI_KYSPI\BCM-949510AI013.mdb,50,220,50,220,50,220,0.4188,0.508,1212003703-10A4,GOOD,,1,
FB7,119.487,137.635,104.177,0.003,-0.003,,2022/5/27,10:54:35,D:\ADVANTECH\B19AK10AI23-10AI_KYSPI\BCM-949510AI013.mdb,50,220,50,220,50,220,0.4188,0.508,1212003703-10A4,GOOD,,2,
FB8,123.425,140.602,105.34,0.023,-0.004,,2022/5/27,10:54:35,D:\ADVANTECH\B19AK10AI23-10AI_KYSPI\BCM-949510AI013.mdb,50,220,50,220,50,220,0.4188,0.508,1212003703-10A4,GOOD,,1,
FB8,116.662,134.717,103.918,0.003,-0.003,,2022/5/27,10:54:35,D:\ADVANTECH\B19AK10AI23-10AI_KYSPI\BCM-949510AI013.mdb,50,220,50,220,50,220,0.4188,0.508,1212003703-10A4,GOOD,,2,
FB87,110.695,131.163,101.274,0.011,-0.004,,2022/5/27,10:54:35,D:\ADVANTECH\B19AK10AI23-10AI_KYSPI\BCM-949510AI013.mdb,50,220,50,220,50,220,0.4188,0.508,1212003703-10A4,GOOD,,1,
FB87,112.978,128.751,105.298,0.004,-0.003,,2022/5/27,10:54:35,D:\ADVANTECH\B19AK10AI23-10AI_KYSPI\BCM-949510AI013.mdb,50,220,50,220,50,220,0.4188,0.508,1212003703-10A4,GOOD,,2,
FB105,123.414,134.796,109.867,0.013,-0.003,,2022/5/27,10:54:35,D:\ADVANTECH\B19AK10AI23-10AI_KYSPI\BCM-949510AI013.mdb,50,220,50,220,50,220,0.3048,0.254,Y5S10AG018,GOOD,,1,
FB105,118.057,135.727,104.377,0.013,-0.004,,2022/5/27,10:54:35,D:\ADVANTECH\B19AK10AI23-10AI_KYSPI\BCM-949510AI013.mdb,50,220,50,220,50,220,0.3048,0.254,Y5S10AG018,GOOD,,2,
FB106,114.757,130.346,105.649,0.02,0.001,,2022/5/27,10:54:35,D:\ADVANTECH\B19AK10AI23-10AI_KYSPI\BCM-949510AI013.mdb,50,220,50,220,50,220,0.3048,0.254,Y5S10AG018,GOOD,,1,
FB106,118.352,132.656,107.061,0.012,0.001,,2022/5/27,10:54:35,D:\ADVANTECH\B19AK10AI23-10AI_KYSPI\BCM-949510AI013.mdb,50,220,50,220,50,220,0.3048,0.254,Y5S10AG018,GOOD,,2,
FB111,117.917,134.441,105.251,0.02,-0.007,,2022/5/27,10:54:35,D:\ADVANTECH\B19AK10AI23-10AI_KYSPI\BCM-949510AI013.mdb,50,220,50,220,50,220,0.3048,0.254,Y5S10AG018,GOOD,,1,
FB111,116.364,131.952,105.824,0.012,-0.008,,2022/5/27,10:54:35,D:\ADVANTECH\B19AK10AI23-10AI_KYSPI\BCM-949510AI013.mdb,50,220,50,220,50,220,0.3048,0.254,Y5S10AG018,GOOD,,2,
LD1,117.231,136.746,102.875,0.02,0.001,,2022/5/27,10:54:35,D:\ADVANTECH\B19AK10AI23-10AI_KYSPI\BCM-949510AI013.mdb,50,220,50,220,50,220,0.4048,0.3248,Y5S10A3012,GOOD,,1,
LD1,125.048,139.914,107.25,-0.004,0.002,,2022/5/27,10:54:35,D:\ADVANTECH\B19AK10AI23-10AI_KYSPI\BCM-949510AI013.mdb,50,220,50,220,50,220,0.4048,0.3248,Y5S10A3012,GOOD,,2,
LD2,119.894,138.224,104.087,0.011,-0.009,,2022/5/27,10:54:35,D:\ADVANTECH\B19AK10AI23-10AI_KYSPI\BCM-949510AI013.mdb,50,220,50,220,50,220,0.4048,0.3248,Y5S10A3012,GOOD,,1,
LD2,124.081,138.804,107.271,0.001,-0.009,,2022/5/27,10:54:35,D:\ADVANTECH\B19AK10AI23-10AI_KYSPI\BCM-949510AI013.mdb,50,220,50,220,50,220,0.4048,0.3248,Y5S10A3012,GOOD,,2,
LD3,114.008,134.22,101.93,0.013,-0.004,,2022/5/27,10:54:35,D:\ADVANTECH\B19AK10AI23-10AI_KYSPI\BCM-949510AI013.mdb,50,220,50,220,50,220,0.4048,0.3248,Y5S10A3012,GOOD,,1,
LD3,117.056,130.319,107.787,0.002,-0.004,,2022/5/27,10:54:35,D:\ADVANTECH\B19AK10AI23-10AI_KYSPI\BCM-949510AI013.mdb,50,220,50,220,50,220,0.4048,0.3248,Y5S10A3012,GOOD,,2,
LD4,113.68,134.063,101.755,0.01,0,,2022/5/27,10:54:35,D:\ADVANTECH\B19AK10AI23-10AI_KYSPI\BCM-949510AI013.mdb,50,220,50,220,50,220,0.4048,0.3248,Y5S10A3012,GOOD,,1,
LD4,123.836,136.464,108.896,0.004,0.001,,2022/5/27,10:54:35,D:\ADVANTECH\B19AK10AI23-10AI_KYSPI\BCM-949510AI013.mdb,50,220,50,220,50,220,0.4048,0.3248,Y5S10A3012,GOOD,,2,
LD5,111.628,130.738,102.46,0.008,-0.003,,2022/5/27,10:54:35,D:\ADVANTECH\B19AK10AI23-10AI_KYSPI\BCM-949510AI013.mdb,50,220,50,220,50,220,0.4048,0.3248,Y5S10A3012,GOOD,,1,
LD5,123.655,136.388,108.797,0.006,-0.002,,2022/5/27,10:54:35,D:\ADVANTECH\B19AK10AI23-10AI_KYSPI\BCM-949510AI013.mdb,50,220,50,220,50,220,0.4048,0.3248,Y5S10A3012,GOOD,,2,
LD6,115.773,134.017,103.664,0.013,-0.006,,2022/5/27,10:54:35,D:\ADVANTECH\B19AK10AI23-10AI_KYSPI\BCM-949510AI013.mdb,50,220,50,220,50,220,0.4048,0.3248,Y5S10A3012,GOOD,,1,
LD6,123.508,136.871,108.285,0.008,-0.005,,2022/5/27,10:54:35,D:\ADVANTECH\B19AK10AI23-10AI_KYSPI\BCM-949510AI013.mdb,50,220,50,220,50,220,0.4048,0.3248,Y5S10A3012,GOOD,,2,
LD7,114.756,133.758,102.952,0.006,0.005,,2022/5/27,10:54:35,D:\ADVANTECH\B19AK10AI23-10AI_KYSPI\BCM-949510AI013.mdb,50,220,50,220,50,220,0.4048,0.3248,Y5S10A3012,GOOD,,1,
LD7,116.7,132.467,105.717,-0.008,0.007,,2022/5/27,10:54:35,D:\ADVANTECH\B19AK10AI23-10AI_KYSPI\BCM-949510AI013.mdb,50,220,50,220,50,220,0.4048,0.3248,Y5S10A3012,GOOD,,2,
LD8,109.242,128.164,102.283,0,0.003,,2022/5/27,10:54:35,D:\ADVANTECH\B19AK10AI23-10AI_KYSPI\BCM-949510AI013.mdb,50,220,50,220,50,220,0.4048,0.3248,Y5S10A3012,GOOD,,1,
LD8,117.946,134.381,105.324,-0.005,0.004,,2022/5/27,10:54:35,D:\ADVANTECH\B19AK10AI23-10AI_KYSPI\BCM-949510AI013.mdb,50,220,50,220,50,220,0.4048,0.3248,Y5S10A3012,GOOD,,2,
LD9,109.523,128.821,102.024,0.003,0.008,,2022/5/27,10:54:35,D:\ADVANTECH\B19AK10AI23-10AI_KYSPI\BCM-949510AI013.mdb,50,220,50,220,50,220,0.4048,0.3248,Y5S10A3012,GOOD,,1,
LD9,120.778,137.641,105.298,-0.003,0.009,,2022/5/27,10:54:35,D:\ADVANTECH\B19AK10AI23-10AI_KYSPI\BCM-949510AI013.mdb,50,220,50,220,50,220,0.4048,0.3248,Y5S10A3012,GOOD,,2,
LD10,125.187,146.591,102.479,0.019,-0.003,,2022/5/27,10:54:35,D:\ADVANTECH\B19AK10AI23-10AI_KYSPI\BCM-949510AI013.mdb,50,220,50,220,50,220,0.4048,0.3248,Y5S10A3012,GOOD,,1,
LD10,129.416,148.419,104.636,0,-0.002,,2022/5/27,10:54:35,D:\ADVANTECH\B19AK10AI23-10AI_KYSPI\BCM-949510AI013.mdb,50,220,50,220,50,220,0.4048,0.3248,Y5S10A3012,GOOD,,2,
LD11,125.424,146.089,103.026,0.025,0.002,,2022/5/27,10:54:35,D:\ADVANTECH\B19AK10AI23-10AI_KYSPI\BCM-949510AI013.mdb,50,220,50,220,50,220,0.4048,0.3248,Y5S10A3012,GOOD,,1,
LD11,130.296,149.197,104.798,0.003,0.003,,2022/5/27,10:54:35,D:\ADVANTECH\B19AK10AI23-10AI_KYSPI\BCM-949510AI013.mdb,50,220,50,220,50,220,0.4048,0.3248,Y5S10A3012,GOOD,,2,
LD12,121.491,142.588,102.245,0.023,0.007,,2022/5/27,10:54:35,D:\ADVANTECH\B19AK10AI23-10AI_KYSPI\BCM-949510AI013.mdb,50,220,50,220,50,220,0.4048,0.3248,Y5S10A3012,GOOD,,1,
LD12,133.035,147.549,108.196,0.003,0.008,,2022/5/27,10:54:35,D:\ADVANTECH\B19AK10AI23-10AI_KYSPI\BCM-949510AI013.mdb,50,220,50,220,50,220,0.4048,0.3248,Y5S10A3012,GOOD,,2,
LD13,120.642,139.624,103.686,0.02,0.005,,2022/5/27,10:54:35,D:\ADVANTECH\B19AK10AI23-10AI_KYSPI\BCM-949510AI013.mdb,50,220,50,220,50,220,0.4048,0.3248,Y5S10A3012,GOOD,,1,
LD13,119.815,133.905,107.373,0.004,0.006,,2022/5/27,10:54:35,D:\ADVANTECH\B19AK10AI23-10AI_KYSPI\BCM-949510AI013.mdb,50,220,50,220,50,220,0.4048,0.3248,Y5S10A3012,GOOD,,2,
LD14,115.484,136.024,101.88,0.018,0.007,,2022/5/27,10:54:35,D:\ADVANTECH\B19AK10AI23-10AI_KYSPI\BCM-949510AI013.mdb,50,220,50,220,50,220,0.4048,0.3248,Y5S10A4055,GOOD,,1,
LD14,123.516,138.91,106.702,0.004,0.008,,2022/5/27,10:54:35,D:\ADVANTECH\B19AK10AI23-10AI_KYSPI\BCM-949510AI013.mdb,50,220,50,220,50,220,0.4048,0.3248,Y5S10A4055,GOOD,,2,
LD15,116.752,135.453,103.433,0.01,0.001,,2022/5/27,10:54:35,D:\ADVANTECH\B19AK10AI23-10AI_KYSPI\BCM-949510AI013.mdb,50,220,50,220,50,220,0.4048,0.3248,Y5S10A3012,GOOD,,1,
LD15,117.172,131.575,106.865,0.002,0.002,,2022/5/27,10:54:35,D:\ADVANTECH\B19AK10AI23-10AI_KYSPI\BCM-949510AI013.mdb,50,220,50,220,50,220,0.4048,0.3248,Y5S10A3012,GOOD,,2,
LD16,115.308,132.576,104.371,0.002,0.006,,2022/5/27,10:54:35,D:\ADVANTECH\B19AK10AI23-10AI_KYSPI\BCM-949510AI013.mdb,50,220,50,220,50,220,0.4048,0.3248,Y5S10A3012,GOOD,,1,
LD16,122.074,136.892,107.01,0.005,0.006,,2022/5/27,10:54:35,D:\ADVANTECH\B19AK10AI23-10AI_KYSPI\BCM-949510AI013.mdb,50,220,50,220,50,220,0.4048,0.3248,Y5S10A3012,GOOD,,2,
LD17,122.032,139.436,105.022,0.017,0.006,,2022/5/27,10:54:35,D:\ADVANTECH\B19AK10AI23-10AI_KYSPI\BCM-949510AI013.mdb,50,220,50,220,50,220,0.4048,0.3248,Y5S10A3012,GOOD,,1,
LD17,125.922,139.622,108.225,0.001,0.007,,2022/5/27,10:54:35,D:\ADVANTECH\B19AK10AI23-10AI_KYSPI\BCM-949510AI013.mdb,50,220,50,220,50,220,0.4048,0.3248,Y5S10A3012,GOOD,,2,
LD18,117.637,136.608,103.336,0.01,0.003,,2022/5/27,10:54:35,D:\ADVANTECH\B19AK10AI23-10AI_KYSPI\BCM-949510AI013.mdb,50,220,50,220,50,220,0.4048,0.3248,Y5S10A3012,GOOD,,1,
LD18,121.821,136.777,106.879,0.001,0.004,,2022/5/27,10:54:35,D:\ADVANTECH\B19AK10AI23-10AI_KYSPI\BCM-949510AI013.mdb,50,220,50,220,50,220,0.4048,0.3248,Y5S10A3012,GOOD,,2,
LD20,125.034,144.321,103.963,0.008,0.003,,2022/5/27,10:54:35,D:\ADVANTECH\B19AK10AI23-10AI_KYSPI\BCM-949510AI013.mdb,50,220,50,220,50,220,0.4048,0.3248,Y5S10A3012,GOOD,,1,
LD20,130.001,143.586,108.646,0.003,0.004,,2022/5/27,10:54:35,D:\ADVANTECH\B19AK10AI23-10AI_KYSPI\BCM-949510AI013.mdb,50,220,50,220,50,220,0.4048,0.3248,Y5S10A3012,GOOD,,2,
LD21,118.771,139.835,101.924,0.017,0.001,,2022/5/27,10:54:35,D:\ADVANTECH\B19AK10AI23-10AI_KYSPI\BCM-949510AI013.mdb,50,220,50,220,50,220,0.4048,0.3248,Y5S10A3012,GOOD,,1,
LD21,124.396,139.432,107.059,0.007,0.002,,2022/5/27,10:54:35,D:\ADVANTECH\B19AK10AI23-10AI_KYSPI\BCM-949510AI013.mdb,50,220,50,220,50,220,0.4048,0.3248,Y5S10A3012,GOOD,,2,
PL2,117.987,126.968,111.512,0.007,-0.003,,2022/5/27,10:54:35,D:\ADVANTECH\B19AK10AI23-10AI_KYSPI\BCM-949510AI013.mdb,50,220,50,220,50,220,0.1624,0.3656,1212309007,GOOD,,1,
PL2,122.516,130.149,112.963,0.011,-0.001,,2022/5/27,10:54:35,D:\ADVANTECH\B19AK10AI23-10AI_KYSPI\BCM-949510AI013.mdb,50,220,50,220,50,220,0.1624,0.3656,1212309007,GOOD,,2,
PL2,120.54,126.443,114.398,0.005,-0.001,,2022/5/27,10:54:35,D:\ADVANTECH\B19AK10AI23-10AI_KYSPI\BCM-949510AI013.mdb,50,220,50,220,50,220,0.1624,0.3656,1212309007,GOOD,,3,
PL2,119.39,125.985,113.719,0.008,-0.003,,2022/5/27,10:54:35,D:\ADVANTECH\B19AK10AI23-10AI_KYSPI\BCM-949510AI013.mdb,50,220,50,220,50,220,0.1624,0.3656,1212309007,GOOD,,4,
Q4,129.797,151.025,103.132,0.015,0.004,,2022/5/27,10:54:35,D:\ADVANTECH\B19AK10AI23-10AI_KYSPI\BCM-949510AI013.mdb,50,220,50,220,50,220,0.7112,0.3048,Y5S10A5232,GOOD,,1,
Q4,124.583,145.214,102.951,0.004,-0.001,,2022/5/27,10:54:35,D:\ADVANTECH\B19AK10AI23-10AI_KYSPI\BCM-949510AI013.mdb,50,220,50,220,50,220,0.7112,0.3048,Y5S10A5232,GOOD,,2,
Q4,127.238,146.485,104.233,0.005,-0.006,,2022/5/27,10:54:35,D:\ADVANTECH\B19AK10AI23-10AI_KYSPI\BCM-949510AI013.mdb,50,220,50,220,50,220,0.7112,0.3048,Y5S10A5232,GOOD,,3,
Q4,130.453,150.043,104.332,0.013,0.006,,2022/5/27,10:54:35,D:\ADVANTECH\B19AK10AI23-10AI_KYSPI\BCM-949510AI013.mdb,50,220,50,220,50,220,0.7112,0.3048,Y5S10A5232,GOOD,,4,
Q5,130.66,150.727,104.024,0.014,0.006,,2022/5/27,10:54:35,D:\ADVANTECH\B19AK10AI23-10AI_KYSPI\BCM-949510AI013.mdb,50,220,50,220,50,220,0.7112,0.3048,Y5S10A5232,GOOD,,1,
Q5,124.811,145.388,103.016,0.003,0.008,,2022/5/27,10:54:35,D:\ADVANTECH\B19AK10AI23-10AI_KYSPI\BCM-949510AI013.mdb,50,220,50,220,50,220,0.7112,0.3048,Y5S10A5232,GOOD,,2,
Q5,127.603,148.145,103.361,0.001,0.003,,2022/5/27,10:54:35,D:\ADVANTECH\B19AK10AI23-10AI_KYSPI\BCM-949510AI013.mdb,50,220,50,220,50,220,0.7112,0.3048,Y5S10A5232,GOOD,,3,
Q5,129.232,149.83,103.503,0.012,0.008,,2022/5/27,10:54:35,D:\ADVANTECH\B19AK10AI23-10AI_KYSPI\BCM-949510AI013.mdb,50,220,50,220,50,220,0.7112,0.3048,Y5S10A5232,GOOD,,4,
Q7,117.567,135.707,103.959,0.003,0.003,,2022/5/27,10:54:35,D:\ADVANTECH\B19AK10AI23-10AI_KYSPI\BCM-949510AI013.mdb,50,220,50,220,50,220,0.508,0.3252,1315700210-02,GOOD,,1,
Q7,116.133,134.813,103.373,0.003,0.006,,2022/5/27,10:54:35,D:\ADVANTECH\B19AK10AI23-10AI_KYSPI\BCM-949510AI013.mdb,50,220,50,220,50,220,0.508,0.3252,1315700210-02,GOOD,,2,
Q7,121.216,139.985,103.911,0.005,0.009,,2022/5/27,10:54:35,D:\ADVANTECH\B19AK10AI23-10AI_KYSPI\BCM-949510AI013.mdb,50,220,50,220,50,220,0.508,0.3252,1315700210-02,GOOD,,3,
Q10,122.485,141.211,104.087,0.012,0,,2022/5/27,10:54:35,D:\ADVANTECH\B19AK10AI23-10AI_KYSPI\BCM-949510AI013.mdb,50,220,50,220,50,220,0.508,0.3252,1315700210-02,GOOD,,1,
Q10,116.953,134.188,104.587,0.008,-0.002,,2022/5/27,10:54:35,D:\ADVANTECH\B19AK10AI23-10AI_KYSPI\BCM-949510AI013.mdb,50,220,50,220,50,220,0.508,0.3252,1315700210-02,GOOD,,2,
Q10,119.887,137.615,104.541,0.01,-0.006,,2022/5/27,10:54:35,D:\ADVANTECH\B19AK10AI23-10AI_KYSPI\BCM-949510AI013.mdb,50,220,50,220,50,220,0.508,0.3252,1315700210-02,GOOD,,3,
R6,106.53,123.679,103.361,0.002,-0.002,,2022/5/27,10:54:35,D:\ADVANTECH\B19AK10AI23-10AI_KYSPI\BCM-949510AI013.mdb,50,220,50,220,50,220,0.254,0.2032,105A50103A,GOOD,,1,
R6,110.238,128.36,103.058,-0.005,-0.002,,2022/5/27,10:54:35,D:\ADVANTECH\B19AK10AI23-10AI_KYSPI\BCM-949510AI013.mdb,50,220,50,220,50,220,0.254,0.2032,105A50103A,GOOD,,2,
R7,115.945,128.829,108,0.02,-0.002,,2022/5/27,10:54:35,D:\ADVANTECH\B19AK10AI23-10AI_KYSPI\BCM-949510AI013.mdb,50,220,50,220,50,220,0.2032,0.254,1000008901,GOOD,,1,
R7,114.029,128.855,106.194,0.022,0,,2022/5/27,10:54:35,D:\ADVANTECH\B19AK10AI23-10AI_KYSPI\BCM-949510AI013.mdb,50,220,50,220,50,220,0.2032,0.254,1000008901,GOOD,,2,
R8,116.88,131.908,106.329,0.018,-0.002,,2022/5/27,10:54:35,D:\ADVANTECH\B19AK10AI23-10AI_KYSPI\BCM-949510AI013.mdb,50,220,50,220,50,220,0.2032,0.254,1000003470,GOOD,,1,
R8,120.285,135.642,106.414,0.018,0.001,,2022/5/27,10:54:35,D:\ADVANTECH\B19AK10AI23-10AI_KYSPI\BCM-949510AI013.mdb,50,220,50,220,50,220,0.2032,0.254,1000003470,GOOD,,2,
R10,121.133,136.989,106.111,0.015,0.002,,2022/5/27,10:54:35,D:\ADVANTECH\B19AK10AI23-10AI_KYSPI\BCM-949510AI013.mdb,50,220,50,220,50,220,0.2032,0.254,105A515014,GOOD,,1,
R10,121.412,133.22,109.364,0.011,0.005,,2022/5/27,10:54:35,D:\ADVANTECH\B19AK10AI23-10AI_KYSPI\BCM-949510AI013.mdb,50,220,50,220,50,220,0.2032,0.254,105A515014,GOOD,,2,
R13,113.603,128.538,106.057,0.01,0,,2022/5/27,10:54:35,D:\ADVANTECH\B19AK10AI23-10AI_KYSPI\BCM-949510AI013.mdb,50,220,50,220,50,220,0.2032,0.254,1000002016,GOOD,,1,
R13,112.326,126.484,106.568,0.008,0.005,,2022/5/27,10:54:35,D:\ADVANTECH\B19AK10AI23-10AI_KYSPI\BCM-949510AI013.mdb,50,220,50,220,50,220,0.2032,0.254,1000002016,GOOD,,2,
R15,112.849,126.635,106.936,0.009,0.001,,2022/5/27,10:54:35,D:\ADVANTECH\B19AK10AI23-10AI_KYSPI\BCM-949510AI013.mdb,50,220,50,220,50,220,0.2032,0.254,1000002016,GOOD,,1,
R15,115.023,128.452,107.455,0.014,0.006,,2022/5/27,10:54:35,D:\ADVANTECH\B19AK10AI23-10AI_KYSPI\BCM-949510AI013.mdb,50,220,50,220,50,220,0.2032,0.254,1000002016,GOOD,,2,
R22,112.709,130.091,103.966,0.016,-0.006,,2022/5/27,10:54:35,D:\ADVANTECH\B19AK10AI23-10AI_KYSPI\BCM-949510AI013.mdb,50,220,50,220,50,220,0.2032,0.254,1000002016,GOOD,,1,
R22,114.241,130.585,104.981,0.02,-0.003,,2022/5/27,10:54:35,D:\ADVANTECH\B19AK10AI23-10AI_KYSPI\BCM-949510AI013.mdb,50,220,50,220,50,220,0.2032,0.254,1000002016,GOOD,,2,
R55,117.939,131.949,107.259,0.003,-0.002,,2022/5/27,10:54:35,D:\ADVANTECH\B19AK10AI23-10AI_KYSPI\BCM-949510AI013.mdb,50,220,50,220,50,220,0.254,0.2032,105A510014,GOOD,,1,
R55,120.073,131.909,109.233,0.007,-0.002,,2022/5/27,10:54:35,D:\ADVANTECH\B19AK10AI23-10AI_KYSPI\BCM-949510AI013.mdb,50,220,50,220,50,220,0.254,0.2032,105A510014,GOOD,,2,
R73,116.682,131.595,106.402,0.007,0.002,,2022/5/27,10:54:35,D:\ADVANTECH\B19AK10AI23-10AI_KYSPI\BCM-949510AI013.mdb,50,220,50,220,50,220,0.254,0.2032,105A50103A,GOOD,,1,
R73,114.226,129.044,106.221,0.001,0.003,,2022/5/27,10:54:35,D:\ADVANTECH\B19AK10AI23-10AI_KYSPI\BCM-949510AI013.mdb,50,220,50,220,50,220,0.254,0.2032,105A50103A,GOOD,,2,
R74,116.595,132.252,105.794,0.007,0.003,,2022/5/27,10:54:35,D:\ADVANTECH\B19AK10AI23-10AI_KYSPI\BCM-949510AI013.mdb,50,220,50,220,50,220,0.254,0.2032,105A50103A,GOOD,,1,
R74,117.239,133.517,105.37,0.002,0.003,,2022/5/27,10:54:35,D:\ADVANTECH\B19AK10AI23-10AI_KYSPI\BCM-949510AI013.mdb,50,220,50,220,50,220,0.254,0.2032,105A50103A,GOOD,,2,
R75,115.695,131.604,105.494,0.004,-0.001,,2022/5/27,10:54:35,D:\ADVANTECH\B19AK10AI23-10AI_KYSPI\BCM-949510AI013.mdb,50,220,50,220,50,220,0.254,0.2032,105A50103A,GOOD,,1,
R75,112.445,129.062,104.55,0.003,-0.001,,2022/5/27,10:54:35,D:\ADVANTECH\B19AK10AI23-10AI_KYSPI\BCM-949510AI013.mdb,50,220,50,220,50,220,0.254,0.2032,105A50103A,GOOD,,2,
R78,117.39,132.562,106.266,0.013,0.006,,2022/5/27,10:54:35,D:\ADVANTECH\B19AK10AI23-10AI_KYSPI\BCM-949510AI013.mdb,50,220,50,220,50,220,0.254,0.2032,105A50103A,GOOD,,1,
R78,115.192,130.828,105.659,0.002,0.006,,2022/5/27,10:54:35,D:\ADVANTECH\B19AK10AI23-10AI_KYSPI\BCM-949510AI013.mdb,50,220,50,220,50,220,0.254,0.2032,105A50103A,GOOD,,2,
R81,118.847,130.785,109.047,0.004,0.001,,2022/5/27,10:54:35,D:\ADVANTECH\B19AK10AI23-10AI_KYSPI\BCM-949510AI013.mdb,50,220,50,220,50,220,0.254,0.2032,105A50103A,GOOD,,1,
R81,116.046,130.963,106.332,-0.001,0,,2022/5/27,10:54:35,D:\ADVANTECH\B19AK10AI23-10AI_KYSPI\BCM-949510AI013.mdb,50,220,50,220,50,220,0.254,0.2032,105A50103A,GOOD,,2,
R83,119.259,131.361,108.944,0.009,0.002,,2022/5/27,10:54:35,D:\ADVANTECH\B19AK10AI23-10AI_KYSPI\BCM-949510AI013.mdb,50,220,50,220,50,220,0.254,0.2032,105A50103A,GOOD,,1,
R83,118.01,133.341,106.203,0,0.002,,2022/5/27,10:54:35,D:\ADVANTECH\B19AK10AI23-10AI_KYSPI\BCM-949510AI013.mdb,50,220,50,220,50,220,0.254,0.2032,105A50103A,GOOD,,2,
R86,118.9,132.759,107.473,0.006,0.001,,2022/5/27,10:54:35,D:\ADVANTECH\B19AK10AI23-10AI_KYSPI\BCM-949510AI013.mdb,50,220,50,220,50,220,0.254,0.2032,105A50103A,GOOD,,1,
R86,115.715,129.307,107.387,-0.001,0.002,,2022/5/27,10:54:35,D:\ADVANTECH\B19AK10AI23-10AI_KYSPI\BCM-949510AI013.mdb,50,220,50,220,50,220,0.254,0.2032,105A50103A,GOOD,,2,
R90,118.164,132.886,106.705,0.009,-0.003,,2022/5/27,10:54:35,D:\ADVANTECH\B19AK10AI23-10AI_KYSPI\BCM-949510AI013.mdb,50,220,50,220,50,220,0.254,0.2032,105A50103A,GOOD,,1,
R90,114.145,129.479,105.788,-0.002,-0.004,,2022/5/27,10:54:35,D:\ADVANTECH\B19AK10AI23-10AI_KYSPI\BCM-949510AI013.mdb,50,220,50,220,50,220,0.254,0.2032,105A50103A,GOOD,,2,
R91,118.687,132.914,107.155,0.008,0.005,,2022/5/27,10:54:35,D:\ADVANTECH\B19AK10AI23-10AI_KYSPI\BCM-949510AI013.mdb,50,220,50,220,50,220,0.254,0.2032,105A50103A,GOOD,,1,
R91,115.775,132.235,105.062,-0.001,0.005,,2022/5/27,10:54:35,D:\ADVANTECH\B19AK10AI23-10AI_KYSPI\BCM-949510AI013.mdb,50,220,50,220,50,220,0.254,0.2032,105A50103A,GOOD,,2,
R96,109.908,126.923,103.914,0.039,-0.003,,2022/5/27,10:54:35,D:\ADVANTECH\B19AK10AI23-10AI_KYSPI\BCM-949510AI013.mdb,50,220,50,220,50,220,0.2032,0.254,105A700004,GOOD,,1,
R96,105.427,119.525,105.846,0.011,-0.008,,2022/5/27,10:54:35,D:\ADVANTECH\B19AK10AI23-10AI_KYSPI\BCM-949510AI013.mdb,50,220,50,220,50,220,0.2032,0.254,105A700004,GOOD,,2,
R111,112.503,127.236,106.104,0.009,0.001,,2022/5/27,10:54:35,D:\ADVANTECH\B19AK10AI23-10AI_KYSPI\BCM-949510AI013.mdb,50,220,50,220,50,220,0.2032,0.254,1000008838,GOOD,,1,
R111,121.538,131.263,111.11,0.026,-0.002,,2022/5/27,10:54:35,D:\ADVANTECH\B19AK10AI23-10AI_KYSPI\BCM-949510AI013.mdb,50,220,50,220,50,220,0.2032,0.254,1000008838,GOOD,,2,
R112,114.079,126.599,108.133,0.027,0,,2022/5/27,10:54:35,D:\ADVANTECH\B19AK10AI23-10AI_KYSPI\BCM-949510AI013.mdb,50,220,50,220,50,220,0.2032,0.254,105A50103A,GOOD,,1,
R112,106.563,121.177,105.528,0.009,-0.005,,2022/5/27,10:54:35,D:\ADVANTECH\B19AK10AI23-10AI_KYSPI\BCM-949510AI013.mdb,50,220,50,220,50,220,0.2032,0.254,105A50103A,GOOD,,2,
R113,109.76,124.872,105.477,0.017,-0.006,,2022/5/27,10:54:35,D:\ADVANTECH\B19AK10AI23-10AI_KYSPI\BCM-949510AI013.mdb,50,220,50,220,50,220,0.2032,0.254,105A700004,GOOD,,1,
R113,117.372,129.963,108.374,0.025,-0.001,,2022/5/27,10:54:35,D:\ADVANTECH\B19AK10AI23-10AI_KYSPI\BCM-949510AI013.mdb,50,220,50,220,50,220,0.2032,0.254,105A700004,GOOD,,2,
R127,122.528,132.943,110.6,0.022,0,,2022/5/27,10:54:35,D:\ADVANTECH\B19AK10AI23-10AI_KYSPI\BCM-949510AI013.mdb,50,220,50,220,50,220,0.254,0.2032,1000000558,GOOD,,1,
R127,118.63,132.308,107.595,0.012,0.001,,2022/5/27,10:54:35,D:\ADVANTECH\B19AK10AI23-10AI_KYSPI\BCM-949510AI013.mdb,50,220,50,220,50,220,0.254,0.2032,1000000558,GOOD,,2,
R130,114.849,128.268,107.446,0.003,0.005,,2022/5/27,10:54:35,D:\ADVANTECH\B19AK10AI23-10AI_KYSPI\BCM-949510AI013.mdb,50,220,50,220,50,220,0.3252,0.3292,105A551003,GOOD,,1,
R130,118.305,131.847,107.675,0.004,0.007,,2022/5/27,10:54:35,D:\ADVANTECH\B19AK10AI23-10AI_KYSPI\BCM-949510AI013.mdb,50,220,50,220,50,220,0.3252,0.3292,105A551003,GOOD,,2,
R141,119.837,131.194,109.612,0.007,-0.001,,2022/5/27,10:54:35,D:\ADVANTECH\B19AK10AI23-10AI_KYSPI\BCM-949510AI013.mdb,50,220,50,220,50,220,0.254,0.2032,105A50103A,GOOD,,1,
R141,120.23,131.656,109.585,0.014,0,,2022/5/27,10:54:35,D:\ADVANTECH\B19AK10AI23-10AI_KYSPI\BCM-949510AI013.mdb,50,220,50,220,50,220,0.254,0.2032,105A50103A,GOOD,,2,
R143,123.236,137.013,107.934,0.008,0.004,,2022/5/27,10:54:35,D:\ADVANTECH\B19AK10AI23-10AI_KYSPI\BCM-949510AI013.mdb,50,220,50,220,50,220,0.254,0.2032,105A50103A,GOOD,,1,
R143,124.857,139.616,107.315,0.02,0.003,,2022/5/27,10:54:35,D:\ADVANTECH\B19AK10AI23-10AI_KYSPI\BCM-949510AI013.mdb,50,220,50,220,50,220,0.254,0.2032,105A50103A,GOOD,,2,
R144,124.391,141.827,105.247,0.004,0.003,,2022/5/27,10:54:35,D:\ADVANTECH\B19AK10AI23-10AI_KYSPI\BCM-949510AI013.mdb,50,220,50,220,50,220,0.4584,0.4776,1000014345,GOOD,,1,
R144,126.562,143.741,105.658,0.012,0.002,,2022/5/27,10:54:35,D:\ADVANTECH\B19AK10AI23-10AI_KYSPI\BCM-949510AI013.mdb,50,220,50,220,50,220,0.4584,0.4776,1000014345,GOOD,,2,
R146,122.948,136.781,107.864,0.009,0.004,,2022/5/27,10:54:35,D:\ADVANTECH\B19AK10AI23-10AI_KYSPI\BCM-949510AI013.mdb,50,220,50,220,50,220,0.254,0.2032,105A50103A,GOOD,,1,
R146,124.985,138.044,108.648,0.018,0.004,,2022/5/27,10:54:35,D:\ADVANTECH\B19AK10AI23-10AI_KYSPI\BCM-949510AI013.mdb,50,220,50,220,50,220,0.254,0.2032,105A50103A,GOOD,,2,
R147,122.678,141.355,104.145,0.008,0,,2022/5/27,10:54:35,D:\ADVANTECH\B19AK10AI23-10AI_KYSPI\BCM-949510AI013.mdb,50,220,50,220,50,220,0.4584,0.4776,1000014345,GOOD,,1,
R147,119.747,135.953,105.695,0.001,0.001,,2022/5/27,10:54:35,D:\ADVANTECH\B19AK10AI23-10AI_KYSPI\BCM-949510AI013.mdb,50,220,50,220,50,220,0.4584,0.4776,1000014345,GOOD,,2,
R148,124.12,137.044,108.684,0.015,0.002,,2022/5/27,10:54:35,D:\ADVANTECH\B19AK10AI23-10AI_KYSPI\BCM-949510AI013.mdb,50,220,50,220,50,220,0.254,0.2032,105A50103A,GOOD,,1,
R148,116.416,129.783,107.641,0.003,0.003,,2022/5/27,10:54:35,D:\ADVANTECH\B19AK10AI23-10AI_KYSPI\BCM-949510AI013.mdb,50,220,50,220,50,220,0.254,0.2032,105A50103A,GOOD,,2,
R149,126.057,142.694,106.01,0.003,0.003,,2022/5/27,10:54:35,D:\ADVANTECH\B19AK10AI23-10AI_KYSPI\BCM-949510AI013.mdb,50,220,50,220,50,220,0.4584,0.4776,1000014345,GOOD,,1,
R149,124.608,142.868,104.663,0.009,0.002,,2022/5/27,10:54:35,D:\ADVANTECH\B19AK10AI23-10AI_KYSPI\BCM-949510AI013.mdb,50,220,50,220,50,220,0.4584,0.4776,1000014345,GOOD,,2,
R151,115.435,129.568,106.91,0.005,0.009,,2022/5/27,10:54:35,D:\ADVANTECH\B19AK10AI23-10AI_KYSPI\BCM-949510AI013.mdb,50,220,50,220,50,220,0.254,0.2032,105A50103A,GOOD,,1,
R151,123.36,134.185,110.319,0.017,0.008,,2022/5/27,10:54:35,D:\ADVANTECH\B19AK10AI23-10AI_KYSPI\BCM-949510AI013.mdb,50,220,50,220,50,220,0.254,0.2032,105A50103A,GOOD,,2,
R152,123.46,140.967,105.097,0.008,0,,2022/5/27,10:54:35,D:\ADVANTECH\B19AK10AI23-10AI_KYSPI\BCM-949510AI013.mdb,50,220,50,220,50,220,0.4584,0.4776,1000014345,GOOD,,1,
R152,123.294,140.44,105.35,0.004,0.001,,2022/5/27,10:54:35,D:\ADVANTECH\B19AK10AI23-10AI_KYSPI\BCM-949510AI013.mdb,50,220,50,220,50,220,0.4584,0.4776,1000014345,GOOD,,2,
R275,115.848,134.422,103.419,0.016,-0.009,,2022/5/27,10:54:35,D:\ADVANTECH\B19AK10AI23-10AI_KYSPI\BCM-949510AI013.mdb,50,220,50,220,50,220,0.5184,0.6604,1000000539,GOOD,,1,
R275,113.844,132.138,103.387,0.007,-0.007,,2022/5/27,10:54:35,D:\ADVANTECH\B19AK10AI23-10AI_KYSPI\BCM-949510AI013.mdb,50,220,50,220,50,220,0.5184,0.6604,1000000539,GOOD,,2,
R276,119.165,138.036,103.595,0.017,0.004,,2022/5/27,10:54:35,D:\ADVANTECH\B19AK10AI23-10AI_KYSPI\BCM-949510AI013.mdb,50,220,50,220,50,220,0.5184,0.6604,1000000539,GOOD,,1,
R276,114.745,132.389,104.008,0.006,0.006,,2022/5/27,10:54:35,D:\ADVANTECH\B19AK10AI23-10AI_KYSPI\BCM-949510AI013.mdb,50,220,50,220,50,220,0.5184,0.6604,1000000539,GOOD,,2,
R280,116.329,126.942,109.967,0.003,0.005,,2022/5/27,10:54:35,D:\ADVANTECH\B19AK10AI23-10AI_KYSPI\BCM-949510AI013.mdb,50,220,50,220,50,220,0.254,0.2032,105A50103A,GOOD,,1,
R280,116.246,131.775,105.859,-0.002,0.005,,2022/5/27,10:54:35,D:\ADVANTECH\B19AK10AI23-10AI_KYSPI\BCM-949510AI013.mdb,50,220,50,220,50,220,0.254,0.2032,105A50103A,GOOD,,2,
R283,115.438,127.956,108.261,0.006,0.007,,2022/5/27,10:54:35,D:\ADVANTECH\B19AK10AI23-10AI_KYSPI\BCM-949510AI013.mdb,50,220,50,220,50,220,0.3252,0.3292,105A510003,GOOD,,1,
R283,112.971,128.369,105.605,0.008,-0.004,,2022/5/27,10:54:35,D:\ADVANTECH\B19AK10AI23-10AI_KYSPI\BCM-949510AI013.mdb,50,220,50,220,50,220,0.3252,0.3292,105A510003,GOOD,,2,
R284,113.875,130.526,104.692,0.018,-0.006,,2022/5/27,10:54:35,D:\ADVANTECH\B19AK10AI23-10AI_KYSPI\BCM-949510AI013.mdb,50,220,50,220,50,220,0.2032,0.254,105A50330A,GOOD,,1,
R284,111.282,129.471,103.142,0.011,-0.004,,2022/5/27,10:54:35,D:\ADVANTECH\B19AK10AI23-10AI_KYSPI\BCM-949510AI013.mdb,50,220,50,220,50,220,0.2032,0.254,105A50330A,GOOD,,2,
R288,120.963,135.18,107.379,0.016,0.005,,2022/5/27,10:54:35,D:\ADVANTECH\B19AK10AI23-10AI_KYSPI\BCM-949510AI013.mdb,50,220,50,220,50,220,0.254,0.2032,105A50330A,GOOD,,1,
R288,122.311,138.998,105.594,0.003,0.006,,2022/5/27,10:54:35,D:\ADVANTECH\B19AK10AI23-10AI_KYSPI\BCM-949510AI013.mdb,50,220,50,220,50,220,0.254,0.2032,105A50330A,GOOD,,2,
R289,114.66,130.232,105.652,0.005,0.007,,2022/5/27,10:54:35,D:\ADVANTECH\B19AK10AI23-10AI_KYSPI\BCM-949510AI013.mdb,50,220,50,220,50,220,0.2032,0.254,105A50330A,GOOD,,1,
R289,115.087,129.226,106.87,0.001,0.002,,2022/5/27,10:54:35,D:\ADVANTECH\B19AK10AI23-10AI_KYSPI\BCM-949510AI013.mdb,50,220,50,220,50,220,0.2032,0.254,105A50330A,GOOD,,2,
R290,112.952,128.335,105.617,-0.003,0.007,,2022/5/27,10:54:35,D:\ADVANTECH\B19AK10AI23-10AI_KYSPI\BCM-949510AI013.mdb,50,220,50,220,50,220,0.254,0.2032,105A50330A,GOOD,,1,
R290,114.116,128.948,106.197,0,0.008,,2022/5/27,10:54:35,D:\ADVANTECH\B19AK10AI23-10AI_KYSPI\BCM-949510AI013.mdb,50,220,50,220,50,220,0.254,0.2032,105A50330A,GOOD,,2,
R291,118.89,137.426,103.815,-0.001,0.009,,2022/5/27,10:54:35,D:\ADVANTECH\B19AK10AI23-10AI_KYSPI\BCM-949510AI013.mdb,50,220,50,220,50,220,0.254,0.2032,105A50330A,GOOD,,1,
R291,114.912,131.903,104.542,-0.002,0.009,,2022/5/27,10:54:35,D:\ADVANTECH\B19AK10AI23-10AI_KYSPI\BCM-949510AI013.mdb,50,220,50,220,50,220,0.254,0.2032,105A50330A,GOOD,,2,
R295,115.401,134.598,102.885,0.009,0.007,,2022/5/27,10:54:35,D:\ADVANTECH\B19AK10AI23-10AI_KYSPI\BCM-949510AI013.mdb,50,220,50,220,50,220,0.2032,0.254,105A50103A,GOOD,,1,
R295,118.555,131.098,108.519,0.005,0.01,,2022/5/27,10:54:35,D:\ADVANTECH\B19AK10AI23-10AI_KYSPI\BCM-949510AI013.mdb,50,220,50,220,50,220,0.2032,0.254,105A50103A,GOOD,,2,
R298,114.637,130.766,105.199,0.035,-0.001,,2022/5/27,10:54:35,D:\ADVANTECH\B19AK10AI23-10AI_KYSPI\BCM-949510AI013.mdb,50,220,50,220,50,220,0.2032,0.254,105A50103A,GOOD,,1,
R298,114.744,131.133,105.003,0.037,-0.004,,2022/5/27,10:54:35,D:\ADVANTECH\B19AK10AI23-10AI_KYSPI\BCM-949510AI013.mdb,50,220,50,220,50,220,0.2032,0.254,105A50103A,GOOD,,2,
R299,115.485,133.277,103.98,0.019,0.002,,2022/5/27,10:54:35,D:\ADVANTECH\B19AK10AI23-10AI_KYSPI\BCM-949510AI013.mdb,50,220,50,220,50,220,0.2032,0.254,1000002016,GOOD,,1,
R299,113.513,126.261,107.884,0.013,0.004,,2022/5/27,10:54:35,D:\ADVANTECH\B19AK10AI23-10AI_KYSPI\BCM-949510AI013.mdb,50,220,50,220,50,220,0.2032,0.254,1000002016,GOOD,,2,
R300,112.273,128.209,105.084,0.005,0.003,,2022/5/27,10:54:35,D:\ADVANTECH\B19AK10AI23-10AI_KYSPI\BCM-949510AI013.mdb,50,220,50,220,50,220,0.2032,0.254,1000002016,GOOD,,1,
R300,113.918,127.144,107.517,0.004,0.005,,2022/5/27,10:54:35,D:\ADVANTECH\B19AK10AI23-10AI_KYSPI\BCM-949510AI013.mdb,50,220,50,220,50,220,0.2032,0.254,1000002016,GOOD,,2,
R301,111.605,128.87,103.924,0.011,0.004,,2022/5/27,10:54:35,D:\ADVANTECH\B19AK10AI23-10AI_KYSPI\BCM-949510AI013.mdb,50,220,50,220,50,220,0.2032,0.254,1000002016,GOOD,,1,
R301,113.363,130.723,104.064,0.014,0.006,,2022/5/27,10:54:35,D:\ADVANTECH\B19AK10AI23-10AI_KYSPI\BCM-949510AI013.mdb,50,220,50,220,50,220,0.2032,0.254,1000002016,GOOD,,2,
R302,116.883,133.337,105.192,0.019,0.001,,2022/5/27,10:54:35,D:\ADVANTECH\B19AK10AI23-10AI_KYSPI\BCM-949510AI013.mdb,50,220,50,220,50,220,0.2032,0.254,1000002016,GOOD,,1,
R302,114.461,131.536,104.423,0.005,0.003,,2022/5/27,10:54:35,D:\ADVANTECH\B19AK10AI23-10AI_KYSPI\BCM-949510AI013.mdb,50,220,50,220,50,220,0.2032,0.254,1000002016,GOOD,,2,
R303,113.496,129.112,105.486,-0.003,0.001,,2022/5/27,10:54:35,D:\ADVANTECH\B19AK10AI23-10AI_KYSPI\BCM-949510AI013.mdb,50,220,50,220,50,220,0.2032,0.254,1000002016,GOOD,,1,
R303,113.868,127.865,106.864,0.009,0.004,,2022/5/27,10:54:35,D:\ADVANTECH\B19AK10AI23-10AI_KYSPI\BCM-949510AI013.mdb,50,220,50,220,50,220,0.2032,0.254,1000002016,GOOD,,2,
R304,114.008,129.647,105.525,0.016,0.002,,2022/5/27,10:54:35,D:\ADVANTECH\B19AK10AI23-10AI_KYSPI\BCM-949510AI013.mdb,50,220,50,220,50,220,0.2032,0.254,1000002016,GOOD,,1,
R304,116.418,129.227,108.106,0.013,0.005,,2022/5/27,10:54:35,D:\ADVANTECH\B19AK10AI23-10AI_KYSPI\BCM-949510AI013.mdb,50,220,50,220,50,220,0.2032,0.254,1000002016,GOOD,,2,
R305,112.913,128.47,105.469,-0.004,0.003,,2022/5/27,10:54:35,D:\ADVANTECH\B19AK10AI23-10AI_KYSPI\BCM-949510AI013.mdb,50,220,50,220,50,220,0.2032,0.254,1000002016,GOOD,,1,
R305,113.826,127.357,107.251,0.004,0.006,,2022/5/27,10:54:35,D:\ADVANTECH\B19AK10AI23-10AI_KYSPI\BCM-949510AI013.mdb,50,220,50,220,50,220,0.2032,0.254,1000002016,GOOD,,2,
R306,112.079,127.596,105.406,0.005,0.004,,2022/5/27,10:54:35,D:\ADVANTECH\B19AK10AI23-10AI_KYSPI\BCM-949510AI013.mdb,50,220,50,220,50,220,0.2032,0.254,1000002016,GOOD,,1,
R306,111.156,127.169,104.89,0.01,0.007,,2022/5/27,10:54:35,D:\ADVANTECH\B19AK10AI23-10AI_KYSPI\BCM-949510AI013.mdb,50,220,50,220,50,220,0.2032,0.254,1000002016,GOOD,,2,
R320,118.387,134.578,105.562,0.009,-0.002,,2022/5/27,10:54:35,D:\ADVANTECH\B19AK10AI23-10AI_KYSPI\BCM-949510AI013.mdb,50,220,50,220,50,220,0.254,0.2032,105A700004,GOOD,,1,
R320,118.393,132.139,107.517,0.015,-0.002,,2022/5/27,10:54:35,D:\ADVANTECH\B19AK10AI23-10AI_KYSPI\BCM-949510AI013.mdb,50,220,50,220,50,220,0.254,0.2032,105A700004,GOOD,,2,
R325,110.82,126.327,105.269,0.013,0,,2022/5/27,10:54:35,D:\ADVANTECH\B19AK10AI23-10AI_KYSPI\BCM-949510AI013.mdb,50,220,50,220,50,220,0.2032,0.254,105A50103A,GOOD,,1,
R325,108.472,123.909,105.05,0.008,0.003,,2022/5/27,10:54:35,D:\ADVANTECH\B19AK10AI23-10AI_KYSPI\BCM-949510AI013.mdb,50,220,50,220,50,220,0.2032,0.254,105A50103A,GOOD,,2,
R330,124.091,136.839,108.821,0.021,0,,2022/5/27,10:54:35,D:\ADVANTECH\B19AK10AI23-10AI_KYSPI\BCM-949510AI013.mdb,50,220,50,220,50,220,0.254,0.2032,1000000558,GOOD,,1,
R330,109.586,125.152,105.075,-0.002,0.001,,2022/5/27,10:54:35,D:\ADVANTECH\B19AK10AI23-10AI_KYSPI\BCM-949510AI013.mdb,50,220,50,220,50,220,0.254,0.2032,1000000558,GOOD,,2,
R335,118.77,134.328,106.102,0.014,-0.007,,2022/5/27,10:54:35,D:\ADVANTECH\B19AK10AI23-10AI_KYSPI\BCM-949510AI013.mdb,50,220,50,220,50,220,0.4776,0.4584,1059700001,GOOD,,1,
R335,108.628,124.691,104.541,0.005,-0.006,,2022/5/27,10:54:35,D:\ADVANTECH\B19AK10AI23-10AI_KYSPI\BCM-949510AI013.mdb,50,220,50,220,50,220,0.4776,0.4584,1059700001,GOOD,,2,
R346,126.431,139.009,109.143,0.014,0.004,,2022/5/27,10:54:35,D:\ADVANTECH\B19AK10AI23-10AI_KYSPI\BCM-949510AI013.mdb,50,220,50,220,50,220,0.254,0.2032,105A50330A,GOOD,,1,
R346,122.753,136.624,107.817,0.007,0.004,,2022/5/27,10:54:35,D:\ADVANTECH\B19AK10AI23-10AI_KYSPI\BCM-949510AI013.mdb,50,220,50,220,50,220,0.254,0.2032,105A50330A,GOOD,,2,
R347,121.07,138.469,104.922,0.003,0.005,,2022/5/27,10:54:35,D:\ADVANTECH\B19AK10AI23-10AI_KYSPI\BCM-949510AI013.mdb,50,220,50,220,50,220,0.4584,0.4776,1000014345,GOOD,,1,
R347,121.849,137.91,106.025,0.001,0.006,,2022/5/27,10:54:35,D:\ADVANTECH\B19AK10AI23-10AI_KYSPI\BCM-949510AI013.mdb,50,220,50,220,50,220,0.4584,0.4776,1000014345,GOOD,,2,
R348,126.858,142.576,106.771,0,0,,2022/5/27,10:54:35,D:\ADVANTECH\B19AK10AI23-10AI_KYSPI\BCM-949510AI013.mdb,50,220,50,220,50,220,0.4584,0.4776,1000014345,GOOD,,1,
R348,124.001,141.186,105.394,0.007,-0.001,,2022/5/27,10:54:35,D:\ADVANTECH\B19AK10AI23-10AI_KYSPI\BCM-949510AI013.mdb,50,220,50,220,50,220,0.4584,0.4776,1000014345,GOOD,,2,
R349,124.6,135.431,110.404,0.018,0.008,,2022/5/27,10:54:35,D:\ADVANTECH\B19AK10AI23-10AI_KYSPI\BCM-949510AI013.mdb,50,220,50,220,50,220,0.254,0.2032,105A50103A,GOOD,,1,
R349,117.75,130.433,108.332,0.006,0.009,,2022/5/27,10:54:35,D:\ADVANTECH\B19AK10AI23-10AI_KYSPI\BCM-949510AI013.mdb,50,220,50,220,50,220,0.254,0.2032,105A50103A,GOOD,,2,
R350,122.706,135.039,109.041,0.008,-0.001,,2022/5/27,10:54:35,D:\ADVANTECH\B19AK10AI23-10AI_KYSPI\BCM-949510AI013.mdb,50,220,50,220,50,220,0.254,0.2032,105A50103A,GOOD,,1,
R350,125.128,136.984,109.614,0.016,-0.002,,2022/5/27,10:54:35,D:\ADVANTECH\B19AK10AI23-10AI_KYSPI\BCM-949510AI013.mdb,50,220,50,220,50,220,0.254,0.2032,105A50103A,GOOD,,2,
R351,122.675,136.597,107.77,0.017,0.002,,2022/5/27,10:54:35,D:\ADVANTECH\B19AK10AI23-10AI_KYSPI\BCM-949510AI013.mdb,50,220,50,220,50,220,0.254,0.2032,105A50330A,GOOD,,1,
R351,123.645,140.409,105.673,0.008,0.003,,2022/5/27,10:54:35,D:\ADVANTECH\B19AK10AI23-10AI_KYSPI\BCM-949510AI013.mdb,50,220,50,220,50,220,0.254,0.2032,105A50330A,GOOD,,2,
R352,122.36,139.553,105.216,0.007,0.002,,2022/5/27,10:54:35,D:\ADVANTECH\B19AK10AI23-10AI_KYSPI\BCM-949510AI013.mdb,50,220,50,220,50,220,0.4584,0.4776,1000014345,GOOD,,1,
R352,123.382,139.147,106.404,0.008,0.003,,2022/5/27,10:54:35,D:\ADVANTECH\B19AK10AI23-10AI_KYSPI\BCM-949510AI013.mdb,50,220,50,220,50,220,0.4584,0.4776,1000014345,GOOD,,2,
R353,126.666,143.271,106.092,0.003,0.005,,2022/5/27,10:54:35,D:\ADVANTECH\B19AK10AI23-10AI_KYSPI\BCM-949510AI013.mdb,50,220,50,220,50,220,0.4584,0.4776,1000014345,GOOD,,1,
R353,124.094,143.333,103.893,0.005,0.004,,2022/5/27,10:54:35,D:\ADVANTECH\B19AK10AI23-10AI_KYSPI\BCM-949510AI013.mdb,50,220,50,220,50,220,0.4584,0.4776,1000014345,GOOD,,2,
R354,125.613,137.508,109.62,0.015,-0.001,,2022/5/27,10:54:35,D:\ADVANTECH\B19AK10AI23-10AI_KYSPI\BCM-949510AI013.mdb,50,220,50,220,50,220,0.254,0.2032,105A50103A,GOOD,,1,
R354,116.987,127.146,110.412,0.008,0,,2022/5/27,10:54:35,D:\ADVANTECH\B19AK10AI23-10AI_KYSPI\BCM-949510AI013.mdb,50,220,50,220,50,220,0.254,0.2032,105A50103A,GOOD,,2,
R355,124.79,136.242,109.914,0.007,0.005,,2022/5/27,10:54:35,D:\ADVANTECH\B19AK10AI23-10AI_KYSPI\BCM-949510AI013.mdb,50,220,50,220,50,220,0.254,0.2032,105A50103A,GOOD,,1,
R355,123.774,136.726,108.633,0.014,0.004,,2022/5/27,10:54:35,D:\ADVANTECH\B19AK10AI23-10AI_KYSPI\BCM-949510AI013.mdb,50,220,50,220,50,220,0.254,0.2032,105A50103A,GOOD,,2,
R356,111.743,126.94,105.634,0.006,-0.006,,2022/5/27,10:54:35,D:\ADVANTECH\B19AK10AI23-10AI_KYSPI\BCM-949510AI013.mdb,50,220,50,220,50,220,0.2032,0.254,105A50330A,GOOD,,1,
R356,109.141,123.256,106.257,0.002,-0.003,,2022/5/27,10:54:35,D:\ADVANTECH\B19AK10AI23-10AI_KYSPI\BCM-949510AI013.mdb,50,220,50,220,50,220,0.2032,0.254,105A50330A,GOOD,,2,
R357,113.685,129.711,105.174,0.017,-0.007,,2022/5/27,10:54:35,D:\ADVANTECH\B19AK10AI23-10AI_KYSPI\BCM-949510AI013.mdb,50,220,50,220,50,220,0.2032,0.254,105A50330A,GOOD,,1,
R357,111.242,127.189,104.954,0.014,-0.005,,2022/5/27,10:54:35,D:\ADVANTECH\B19AK10AI23-10AI_KYSPI\BCM-949510AI013.mdb,50,220,50,220,50,220,0.2032,0.254,105A50330A,GOOD,,2,
R358,113.808,129.38,105.557,0.014,-0.007,,2022/5/27,10:54:35,D:\ADVANTECH\B19AK10AI23-10AI_KYSPI\BCM-949510AI013.mdb,50,220,50,220,50,220,0.2032,0.254,105A50330A,GOOD,,1,
R358,113.092,129.809,104.546,0.019,-0.004,,2022/5/27,10:54:35,D:\ADVANTECH\B19AK10AI23-10AI_KYSPI\BCM-949510AI013.mdb,50,220,50,220,50,220,0.2032,0.254,105A50330A,GOOD,,2,
R359,121.291,138.233,105.293,0.005,0.007,,2022/5/27,10:54:35,D:\ADVANTECH\B19AK10AI23-10AI_KYSPI\BCM-949510AI013.mdb,50,220,50,220,50,220,0.254,0.2032,105A50330A,GOOD,,1,
R359,115.907,130.355,106.699,0.01,0.007,,2022/5/27,10:54:35,D:\ADVANTECH\B19AK10AI23-10AI_KYSPI\BCM-949510AI013.mdb,50,220,50,220,50,220,0.254,0.2032,105A50330A,GOOD,,2,
R368,115.358,129.889,106.576,0.02,-0.004,,2022/5/27,10:54:35,D:\ADVANTECH\B19AK10AI23-10AI_KYSPI\BCM-949510AI013.mdb,50,220,50,220,50,220,0.2032,0.254,105A50330A,GOOD,,1,
R368,114.038,130.385,104.955,0.011,-0.007,,2022/5/27,10:54:35,D:\ADVANTECH\B19AK10AI23-10AI_KYSPI\BCM-949510AI013.mdb,50,220,50,220,50,220,0.2032,0.254,105A50330A,GOOD,,2,
R383,108.514,123.304,105.606,-0.004,-0.007,,2022/5/27,10:54:35,D:\ADVANTECH\B19AK10AI23-10AI_KYSPI\BCM-949510AI013.mdb,50,220,50,220,50,220,0.254,0.2032,105A50103A,GOOD,,1,
R383,109.926,127.45,103.5,0.004,-0.006,,2022/5/27,10:54:35,D:\ADVANTECH\B19AK10AI23-10AI_KYSPI\BCM-949510AI013.mdb,50,220,50,220,50,220,0.254,0.2032,105A50103A,GOOD,,2,
R391,122.28,136.07,107.839,0.018,0,,2022/5/27,10:54:35,D:\ADVANTECH\B19AK10AI23-10AI_KYSPI\BCM-949510AI013.mdb,50,220,50,220,50,220,0.254,0.2032,105A50330A,GOOD,,1,
R391,118.879,133.397,106.94,0.005,0.001,,2022/5/27,10:54:35,D:\ADVANTECH\B19AK10AI23-10AI_KYSPI\BCM-949510AI013.mdb,50,220,50,220,50,220,0.254,0.2032,105A50330A,GOOD,,2,
R392,123.717,143.169,103.696,0.007,-0.007,,2022/5/27,10:54:35,D:\ADVANTECH\B19AK10AI23-10AI_KYSPI\BCM-949510AI013.mdb,50,220,50,220,50,220,0.3252,0.3292,105A515003,GOOD,,1,
R392,131.557,147.382,107.115,0.012,-0.005,,2022/5/27,10:54:35,D:\ADVANTECH\B19AK10AI23-10AI_KYSPI\BCM-949510AI013.mdb,50,220,50,220,50,220,0.3252,0.3292,105A515003,GOOD,,2,
R394,114.754,131.569,104.664,0.003,-0.002,,2022/5/27,10:54:35,D:\ADVANTECH\B19AK10AI23-10AI_KYSPI\BCM-949510AI013.mdb,50,220,50,220,50,220,0.3252,0.3292,105A530003,GOOD,,1,
R394,104.723,123.84,101.476,-0.004,-0.004,,2022/5/27,10:54:35,D:\ADVANTECH\B19AK10AI23-10AI_KYSPI\BCM-949510AI013.mdb,50,220,50,220,50,220,0.3252,0.3292,105A530003,GOOD,,2,
R395,108.873,127.793,102.234,0.01,-0.006,,2022/5/27,10:54:35,D:\ADVANTECH\B19AK10AI23-10AI_KYSPI\BCM-949510AI013.mdb,50,220,50,220,50,220,0.3292,0.3252,105A530003,GOOD,,1,
R395,112.425,129.564,104.126,0.003,-0.005,,2022/5/27,10:54:35,D:\ADVANTECH\B19AK10AI23-10AI_KYSPI\BCM-949510AI013.mdb,50,220,50,220,50,220,0.3292,0.3252,105A530003,GOOD,,2,
R396,114.486,133.428,102.964,0.015,-0.007,,2022/5/27,10:54:35,D:\ADVANTECH\B19AK10AI23-10AI_KYSPI\BCM-949510AI013.mdb,50,220,50,220,50,220,0.3292,0.3252,105A530003,GOOD,,1,
R396,116.334,132.446,105.402,0.01,-0.006,,2022/5/27,10:54:35,D:\ADVANTECH\B19AK10AI23-10AI_KYSPI\BCM-949510AI013.mdb,50,220,50,220,50,220,0.3292,0.3252,105A530003,GOOD,,2,
R397,114.757,133.671,103.02,0.005,-0.006,,2022/5/27,10:54:35,D:\ADVANTECH\B19AK10AI23-10AI_KYSPI\BCM-949510AI013.mdb,50,220,50,220,50,220,0.3292,0.3252,105A530003,GOOD,,1,
R397,110.704,126.427,105.076,-0.005,-0.006,,2022/5/27,10:54:35,D:\ADVANTECH\B19AK10AI23-10AI_KYSPI\BCM-949510AI013.mdb,50,220,50,220,50,220,0.3292,0.3252,105A530003,GOOD,,2,
R398,114.783,133.64,103.068,0.013,-0.009,,2022/5/27,10:54:35,D:\ADVANTECH\B19AK10AI23-10AI_KYSPI\BCM-949510AI013.mdb,50,220,50,220,50,220,0.3292,0.3252,105A530003,GOOD,,1,
R398,113.198,127.022,106.94,-0.004,-0.009,,2022/5/27,10:54:35,D:\ADVANTECH\B19AK10AI23-10AI_KYSPI\BCM-949510AI013.mdb,50,220,50,220,50,220,0.3292,0.3252,105A530003,GOOD,,2,
R399,109.451,127.434,103.067,0.01,-0.004,,2022/5/27,10:54:35,D:\ADVANTECH\B19AK10AI23-10AI_KYSPI\BCM-949510AI013.mdb,50,220,50,220,50,220,0.3292,0.3252,105A530003,GOOD,,1,
R399,113.03,129.64,104.625,0.003,-0.003,,2022/5/27,10:54:35,D:\ADVANTECH\B19AK10AI23-10AI_KYSPI\BCM-949510AI013.mdb,50,220,50,220,50,220,0.3292,0.3252,105A530003,GOOD,,2,
R400,113.177,130.873,103.774,0.011,-0.002,,2022/5/27,10:54:35,D:\ADVANTECH\B19AK10AI23-10AI_KYSPI\BCM-949510AI013.mdb,50,220,50,220,50,220,0.3292,0.3252,105A530003,GOOD,,1,
R400,111.699,128.286,104.484,0.005,-0.002,,2022/5/27,10:54:35,D:\ADVANTECH\B19AK10AI23-10AI_KYSPI\BCM-949510AI013.mdb,50,220,50,220,50,220,0.3292,0.3252,105A530003,GOOD,,2,
R411,104.779,120.367,104.46,0.012,0.003,,2022/5/27,10:54:35,D:\ADVANTECH\B19AK10AI23-10AI_KYSPI\BCM-949510AI013.mdb,50,220,50,220,50,220,0.3252,0.3292,105A515003,GOOD,,1,
R411,110.967,125.461,106.137,0.013,0.005,,2022/5/27,10:54:35,D:\ADVANTECH\B19AK10AI23-10AI_KYSPI\BCM-949510AI013.mdb,50,220,50,220,50,220,0.3252,0.3292,105A515003,GOOD,,2,
R412,110.176,125.863,105.044,0.004,-0.001,,2022/5/27,10:54:35,D:\ADVANTECH\B19AK10AI23-10AI_KYSPI\BCM-949510AI013.mdb,50,220,50,220,50,220,0.254,0.2032,105A52206A,GOOD,,1,
R412,112.903,128.314,105.588,0.006,-0.002,,2022/5/27,10:54:35,D:\ADVANTECH\B19AK10AI23-10AI_KYSPI\BCM-949510AI013.mdb,50,220,50,220,50,220,0.254,0.2032,105A52206A,GOOD,,2,
R415,117.65,134.12,105.264,0.014,-0.005,,2022/5/27,10:54:35,D:\ADVANTECH\B19AK10AI23-10AI_KYSPI\BCM-949510AI013.mdb,50,220,50,220,50,220,0.3292,0.3252,105A510013,GOOD,,1,
R415,118.46,134.222,105.908,0.021,0.006,,2022/5/27,10:54:35,D:\ADVANTECH\B19AK10AI23-10AI_KYSPI\BCM-949510AI013.mdb,50,220,50,220,50,220,0.3292,0.3252,105A510013,GOOD,,2,
R421,116.784,131.08,106.913,0.004,-0.001,,2022/5/27,10:54:35,D:\ADVANTECH\B19AK10AI23-10AI_KYSPI\BCM-949510AI013.mdb,50,220,50,220,50,220,0.3252,0.3292,105A530003,GOOD,,1,
R421,121.577,139.565,104.534,0.012,0.005,,2022/5/27,10:54:35,D:\ADVANTECH\B19AK10AI23-10AI_KYSPI\BCM-949510AI013.mdb,50,220,50,220,50,220,0.3252,0.3292,105A530003,GOOD,,2,
R422,124.633,141.039,106.041,0.011,0.004,,2022/5/27,10:54:35,D:\ADVANTECH\B19AK10AI23-10AI_KYSPI\BCM-949510AI013.mdb,50,220,50,220,50,220,0.3292,0.3252,105A530003,GOOD,,1,
R422,124.935,142.459,105.239,0.018,0.003,,2022/5/27,10:54:35,D:\ADVANTECH\B19AK10AI23-10AI_KYSPI\BCM-949510AI013.mdb,50,220,50,220,50,220,0.3292,0.3252,105A530003,GOOD,,2,
R423,114.691,131.072,105.003,0.009,-0.003,,2022/5/27,10:54:35,D:\ADVANTECH\B19AK10AI23-10AI_KYSPI\BCM-949510AI013.mdb,50,220,50,220,50,220,0.3252,0.3292,105A530003,GOOD,,1,
R423,117.225,132.601,106.086,0.012,-0.002,,2022/5/27,10:54:35,D:\ADVANTECH\B19AK10AI23-10AI_KYSPI\BCM-949510AI013.mdb,50,220,50,220,50,220,0.3252,0.3292,105A530003,GOOD,,2,
R424,122.645,137.548,106.999,0.007,0.004,,2022/5/27,10:54:35,D:\ADVANTECH\B19AK10AI23-10AI_KYSPI\BCM-949510AI013.mdb,50,220,50,220,50,220,0.3292,0.3252,105A510013,GOOD,,1,
R424,115.979,133.557,104.207,0.018,0.003,,2022/5/27,10:54:35,D:\ADVANTECH\B19AK10AI23-10AI_KYSPI\BCM-949510AI013.mdb,50,220,50,220,50,220,0.3292,0.3252,105A510013,GOOD,,2,
R425,112.341,128.883,104.599,0.006,0.007,,2022/5/27,10:54:35,D:\ADVANTECH\B19AK10AI23-10AI_KYSPI\BCM-949510AI013.mdb,50,220,50,220,50,220,0.3252,0.3292,105A530003,GOOD,,1,
R425,122.458,136.946,107.305,0.01,0.002,,2022/5/27,10:54:35,D:\ADVANTECH\B19AK10AI23-10AI_KYSPI\BCM-949510AI013.mdb,50,220,50,220,50,220,0.3252,0.3292,105A530003,GOOD,,2,
R427,117.955,131.498,107.641,0.006,0.004,,2022/5/27,10:54:35,D:\ADVANTECH\B19AK10AI23-10AI_KYSPI\BCM-949510AI013.mdb,50,220,50,220,50,220,0.3252,0.3292,105A530003,GOOD,,1,
R427,112.723,130.047,104.014,0.005,0.002,,2022/5/27,10:54:35,D:\ADVANTECH\B19AK10AI23-10AI_KYSPI\BCM-949510AI013.mdb,50,220,50,220,50,220,0.3252,0.3292,105A530003,GOOD,,2,
R430,118.666,136.735,104.143,0.006,-0.01,,2022/5/27,10:54:35,D:\ADVANTECH\B19AK10AI23-10AI_KYSPI\BCM-949510AI013.mdb,50,220,50,220,50,220,0.3292,0.3252,105A530003,GOOD,,1,
R430,117.225,137.585,102.242,0.018,-0.011,,2022/5/27,10:54:35,D:\ADVANTECH\B19AK10AI23-10AI_KYSPI\BCM-949510AI013.mdb,50,220,50,220,50,220,0.3292,0.3252,105A530003,GOOD,,2,
R434,118.587,133.382,106.69,0.012,0.004,,2022/5/27,10:54:35,D:\ADVANTECH\B19AK10AI23-10AI_KYSPI\BCM-949510AI013.mdb,50,220,50,220,50,220,0.3252,0.3292,1000000569,GOOD,,1,
R434,113.619,132.18,103.149,0.009,0.01,,2022/5/27,10:54:35,D:\ADVANTECH\B19AK10AI23-10AI_KYSPI\BCM-949510AI013.mdb,50,220,50,220,50,220,0.3252,0.3292,1000000569,GOOD,,2,
R435,121.895,137.731,106.203,0.015,0.002,,2022/5/27,10:54:35,D:\ADVANTECH\B19AK10AI23-10AI_KYSPI\BCM-949510AI013.mdb,50,220,50,220,50,220,0.254,0.2032,105A51302B,GOOD,,1,
R435,114.071,130.777,104.67,-0.001,0.001,,2022/5/27,10:54:35,D:\ADVANTECH\B19AK10AI23-10AI_KYSPI\BCM-949510AI013.mdb,50,220,50,220,50,220,0.254,0.2032,105A51302B,GOOD,,2,
R449,111.926,127.976,104.95,0.006,0.004,,2022/5/27,10:54:35,D:\ADVANTECH\B19AK10AI23-10AI_KYSPI\BCM-949510AI013.mdb,50,220,50,220,50,220,0.3252,0.3292,105A515003,GOOD,,1,
R449,102.621,119.925,102.685,0.002,0.002,,2022/5/27,10:54:35,D:\ADVANTECH\B19AK10AI23-10AI_KYSPI\BCM-949510AI013.mdb,50,220,50,220,50,220,0.3252,0.3292,105A515003,GOOD,,2,
R455,115.353,129.706,106.721,0.001,0.003,,2022/5/27,10:54:35,D:\ADVANTECH\B19AK10AI23-10AI_KYSPI\BCM-949510AI013.mdb,50,220,50,220,50,220,0.3292,0.3252,105A530003,GOOD,,1,
R455,115.242,131.397,105.246,0.012,0.002,,2022/5/27,10:54:35,D:\ADVANTECH\B19AK10AI23-10AI_KYSPI\BCM-949510AI013.mdb,50,220,50,220,50,220,0.3292,0.3252,105A530003,GOOD,,2,
R456,106.442,123.856,103.128,0.008,0.004,,2022/5/27,10:54:35,D:\ADVANTECH\B19AK10AI23-10AI_KYSPI\BCM-949510AI013.mdb,50,220,50,220,50,220,0.6604,0.5184,1000000331,GOOD,,1,
R456,107.613,125.177,103.162,0.006,0.006,,2022/5/27,10:54:35,D:\ADVANTECH\B19AK10AI23-10AI_KYSPI\BCM-949510AI013.mdb,50,220,50,220,50,220,0.6604,0.5184,1000000331,GOOD,,2,
R460,115.063,129.053,106.992,0.004,0.001,,2022/5/27,10:54:35,D:\ADVANTECH\B19AK10AI23-10AI_KYSPI\BCM-949510AI013.mdb,50,220,50,220,50,220,0.254,0.2032,105A50330A,GOOD,,1,
R460,118.107,131.25,107.984,0.006,0,,2022/5/27,10:54:35,D:\ADVANTECH\B19AK10AI23-10AI_KYSPI\BCM-949510AI013.mdb,50,220,50,220,50,220,0.254,0.2032,105A50330A,GOOD,,2,
R465,113.577,127.068,107.259,0.006,0.007,,2022/5/27,10:54:35,D:\ADVANTECH\B19AK10AI23-10AI_KYSPI\BCM-949510AI013.mdb,50,220,50,220,50,220,0.3252,0.3292,105A551003,GOOD,,1,
R465,119.159,134.883,106.011,0.007,0.008,,2022/5/27,10:54:35,D:\ADVANTECH\B19AK10AI23-10AI_KYSPI\BCM-949510AI013.mdb,50,220,50,220,50,220,0.3252,0.3292,105A551003,GOOD,,2,
R468,111.348,128.635,103.874,-0.001,-0.009,,2022/5/27,10:54:35,D:\ADVANTECH\B19AK10AI23-10AI_KYSPI\BCM-949510AI013.mdb,50,220,50,220,50,220,0.4776,0.4584,1059700001,GOOD,,1,
R468,109.933,125.599,105.033,-0.002,-0.008,,2022/5/27,10:54:35,D:\ADVANTECH\B19AK10AI23-10AI_KYSPI\BCM-949510AI013.mdb,50,220,50,220,50,220,0.4776,0.4584,1059700001,GOOD,,2,
R470,112.523,128.377,105.18,0.002,0.001,,2022/5/27,10:54:35,D:\ADVANTECH\B19AK10AI23-10AI_KYSPI\BCM-949510AI013.mdb,50,220,50,220,50,220,0.4776,0.4584,1059536001,GOOD,,1,
R470,107.684,124.127,104.103,-0.003,0,,2022/5/27,10:54:35,D:\ADVANTECH\B19AK10AI23-10AI_KYSPI\BCM-949510AI013.mdb,50,220,50,220,50,220,0.4776,0.4584,1059536001,GOOD,,2,
R472,117.116,136.072,103.283,0.005,-0.004,,2022/5/27,10:54:35,D:\ADVANTECH\B19AK10AI23-10AI_KYSPI\BCM-949510AI013.mdb,50,220,50,220,50,220,0.254,0.2032,105A510014,GOOD,,1,
R472,125.002,134.611,111.434,0.007,-0.005,,2022/5/27,10:54:35,D:\ADVANTECH\B19AK10AI23-10AI_KYSPI\BCM-949510AI013.mdb,50,220,50,220,50,220,0.254,0.2032,105A510014,GOOD,,2,
R474,112.149,127.064,105.914,0.007,-0.008,,2022/5/27,10:54:35,D:\ADVANTECH\B19AK10AI23-10AI_KYSPI\BCM-949510AI013.mdb,50,220,50,220,50,220,0.254,0.2032,105A510014,GOOD,,1,
R474,116.57,132.254,105.769,0.021,-0.008,,2022/5/27,10:54:35,D:\ADVANTECH\B19AK10AI23-10AI_KYSPI\BCM-949510AI013.mdb,50,220,50,220,50,220,0.254,0.2032,105A510014,GOOD,,2,
R575,117.747,131.602,107.367,0.008,0,,2022/5/27,10:54:35,D:\ADVANTECH\B19AK10AI23-10AI_KYSPI\BCM-949510AI013.mdb,50,220,50,220,50,220,0.2032,0.254,105A50330A,GOOD,,1,
R575,116.58,131.358,106.5,0.01,0.003,,2022/5/27,10:54:35,D:\ADVANTECH\B19AK10AI23-10AI_KYSPI\BCM-949510AI013.mdb,50,220,50,220,50,220,0.2032,0.254,105A50330A,GOOD,,2,
R580,112.766,128.258,105.505,0.03,-0.004,,2022/5/27,10:54:35,D:\ADVANTECH\B19AK10AI23-10AI_KYSPI\BCM-949510AI013.mdb,50,220,50,220,50,220,0.2032,0.254,1000008732,GOOD,,1,
R580,105.871,120.715,105.244,0.011,-0.008,,2022/5/27,10:54:35,D:\ADVANTECH\B19AK10AI23-10AI_KYSPI\BCM-949510AI013.mdb,50,220,50,220,50,220,0.2032,0.254,1000008732,GOOD,,2,
R584,120.774,133.592,108.486,0.022,0.001,,2022/5/27,10:54:35,D:\ADVANTECH\B19AK10AI23-10AI_KYSPI\BCM-949510AI013.mdb,50,220,50,220,50,220,0.254,0.2032,105A50330A,GOOD,,1,
R584,117.709,134.13,105.309,0.014,0.001,,2022/5/27,10:54:35,D:\ADVANTECH\B19AK10AI23-10AI_KYSPI\BCM-949510AI013.mdb,50,220,50,220,50,220,0.254,0.2032,105A50330A,GOOD,,2,
,102.264,120.331,101.982,-0.003,0.001,,2022/5/27,10:54:35,D:\ADVANTECH\B19AK10AI23-10AI_KYSPI\BCM-949510AI013.mdb,50,220,50,220,50,220,2.042,0.8276,PART56,GOOD,,,
,117.568,138.636,101.764,-0.002,-0.006,,2022/5/27,10:54:35,D:\ADVANTECH\B19AK10AI23-10AI_KYSPI\BCM-949510AI013.mdb,50,220,50,220,50,220,2.042,0.8276,PART57,GOOD,,,
,104.39,121.934,102.734,0.005,-0.004,,2022/5/27,10:54:35,D:\ADVANTECH\B19AK10AI23-10AI_KYSPI\BCM-949510AI013.mdb,50,220,50,220,50,220,0.8276,2.042,PART58,GOOD,,,
,91.858,107.159,102.866,-0.004,0.003,,2022/5/27,10:54:35,D:\ADVANTECH\B19AK10AI23-10AI_KYSPI\BCM-949510AI013.mdb,50,220,50,220,50,220,0.8276,2.042,PART56,GOOD,,,
,90.212,106.242,101.894,-0.008,0,,2022/5/27,10:54:35,D:\ADVANTECH\B19AK10AI23-10AI_KYSPI\BCM-949510AI013.mdb,50,220,50,220,50,220,0.8276,2.042,PART57,GOOD,,,
,101.758,119.899,101.844,-0.007,-0.006,,2022/5/27,10:54:35,D:\ADVANTECH\B19AK10AI23-10AI_KYSPI\BCM-949510AI013.mdb,50,220,50,220,50,220,0.8276,2.042,PART59,GOOD,,,
,103.354,121.338,102.214,0,-0.003,,2022/5/27,10:54:35,D:\ADVANTECH\B19AK10AI23-10AI_KYSPI\BCM-949510AI013.mdb,50,220,50,220,50,220,2.042,0.8276,PART57,GOOD,,,
,101.554,119.297,102.152,-0.001,0.004,,2022/5/27,10:54:35,D:\ADVANTECH\B19AK10AI23-10AI_KYSPI\BCM-949510AI013.mdb,50,220,50,220,50,220,2.042,0.8276,PART57,GOOD,,,
,111.301,125.822,106.15,0.014,-0.012,,2022/5/27,10:54:35,D:\ADVANTECH\B19AK10AI23-10AI_KYSPI\BCM-949510AI013.mdb,50,220,50,220,50,220,0.254,0.2032,PART60,GOOD,,,
,113.395,131.162,103.746,0.039,-0.011,,2022/5/27,10:54:35,D:\ADVANTECH\B19AK10AI23-10AI_KYSPI\BCM-949510AI013.mdb,50,220,50,220,50,220,0.254,0.2032,PART60,GOOD,,,
,111.769,130.446,102.818,0.03,0.001,,2022/5/27,10:54:35,D:\ADVANTECH\B19AK10AI23-10AI_KYSPI\BCM-949510AI013.mdb,50,220,50,220,50,220,0.2032,0.254,PART60,GOOD,,,
,107.291,126.398,101.86,0.022,0,,2022/5/27,10:54:35,D:\ADVANTECH\B19AK10AI23-10AI_KYSPI\BCM-949510AI013.mdb,50,220,50,220,50,220,0.2032,0.254,PART60,GOOD,,,
,113.456,128.963,105.571,0.026,-0.002,,2022/5/27,10:54:35,D:\ADVANTECH\B19AK10AI23-10AI_KYSPI\BCM-949510AI013.mdb,50,220,50,220,50,220,0.2032,0.254,PART60,GOOD,,,
,107.689,128.064,100.908,0.029,-0.002,,2022/5/27,10:54:35,D:\ADVANTECH\B19AK10AI23-10AI_KYSPI\BCM-949510AI013.mdb,50,220,50,220,50,220,0.2032,0.254,PART60,GOOD,,,
,119.144,134.689,106.15,0.013,0,,2022/5/27,10:54:35,D:\ADVANTECH\B19AK10AI23-10AI_KYSPI\BCM-949510AI013.mdb,50,220,50,220,50,220,0.254,0.2032,PART60,GOOD,,,
,115.154,127.731,108.184,0.019,-0.002,,2022/5/27,10:54:35,D:\ADVANTECH\B19AK10AI23-10AI_KYSPI\BCM-949510AI013.mdb,50,220,50,220,50,220,0.254,0.2032,PART60,GOOD,,,
,109.691,122.27,107.654,0.01,0.001,,2022/5/27,10:54:35,D:\ADVANTECH\B19AK10AI23-10AI_KYSPI\BCM-949510AI013.mdb,50,220,50,220,50,220,0.2032,0.254,PART60,GOOD,,,
,111.593,124.66,107.421,0.016,-0.002,,2022/5/27,10:54:35,D:\ADVANTECH\B19AK10AI23-10AI_KYSPI\BCM-949510AI013.mdb,50,220,50,220,50,220,0.2032,0.254,PART60,GOOD,,,
,107.406,123.92,104.009,-0.003,-0.002,,2022/5/27,10:54:35,D:\ADVANTECH\B19AK10AI23-10AI_KYSPI\BCM-949510AI013.mdb,50,220,50,220,50,220,0.3252,0.3292,PART61,GOOD,,,
,106.539,123.63,103.411,-0.003,-0.005,,2022/5/27,10:54:35,D:\ADVANTECH\B19AK10AI23-10AI_KYSPI\BCM-949510AI013.mdb,50,220,50,220,50,220,0.4584,0.4776,PART62,GOOD,,,
,109.347,128.268,102.299,0.005,-0.006,,2022/5/27,10:54:35,D:\ADVANTECH\B19AK10AI23-10AI_KYSPI\BCM-949510AI013.mdb,50,220,50,220,50,220,0.4584,0.4776,PART62,GOOD,,,
,83.44,95.273,105.096,-0.011,0.004,,2022/5/27,10:54:35,D:\ADVANTECH\B19AK10AI23-10AI_KYSPI\BCM-949510AI013.mdb,50,220,50,220,50,220,0.2032,0.3508,PART63,GOOD,,,
,83.424,94.396,106.052,-0.003,0.004,,2022/5/27,10:54:35,D:\ADVANTECH\B19AK10AI23-10AI_KYSPI\BCM-949510AI013.mdb,50,220,50,220,50,220,0.2032,0.3508,PART64,GOOD,,,
,115.401,131.844,105.034,0.001,0,,2022/5/27,10:54:35,D:\ADVANTECH\B19AK10AI23-10AI_KYSPI\BCM-949510AI013.mdb,50,220,50,220,50,220,0.3252,0.3292,PART61,GOOD,,,
,88.955,97.184,109.839,-0.003,0.002,,2022/5/27,10:54:35,D:\ADVANTECH\B19AK10AI23-10AI_KYSPI\BCM-949510AI013.mdb,50,220,50,220,50,220,0.2032,0.3508,PART65,GOOD,,,
,84.499,97.103,104.423,-0.011,0.002,,2022/5/27,10:54:35,D:\ADVANTECH\B19AK10AI23-10AI_KYSPI\BCM-949510AI013.mdb,50,220,50,220,50,220,0.2032,0.3508,PART66,GOOD,,,
,110.165,128.71,102.71,-0.001,-0.006,,2022/5/27,10:54:35,D:\ADVANTECH\B19AK10AI23-10AI_KYSPI\BCM-949510AI013.mdb,50,220,50,220,50,220,0.3544,0.3252,PART67,GOOD,,,
,108.796,127.943,102.042,0.002,-0.007,,2022/5/27,10:54:35,D:\ADVANTECH\B19AK10AI23-10AI_KYSPI\BCM-949510AI013.mdb,50,220,50,220,50,220,0.3544,0.3252,PART67,GOOD,,,
,121.685,139.059,105.007,0.025,0.002,,2022/5/27,10:54:35,D:\ADVANTECH\B19AK10AI23-10AI_KYSPI\BCM-949510AI013.mdb,50,220,50,220,50,220,0.2032,0.254,PART60,GOOD,,,
,92.782,104.561,106.482,-0.011,0.001,,2022/5/27,10:54:35,D:\ADVANTECH\B19AK10AI23-10AI_KYSPI\BCM-949510AI013.mdb,50,220,50,220,50,220,0.2032,0.4268,PART68,GOOD,,,
,86.436,98.616,105.178,-0.004,0.001,,2022/5/27,10:54:35,D:\ADVANTECH\B19AK10AI23-10AI_KYSPI\BCM-949510AI013.mdb,50,220,50,220,50,220,0.2032,0.4268,PART69,GOOD,,,
,126.487,144.951,104.714,0.025,0,,2022/5/27,10:54:35,D:\ADVANTECH\B19AK10AI23-10AI_KYSPI\BCM-949510AI013.mdb,50,220,50,220,50,220,0.2032,0.254,PART60,GOOD,,,
,92.449,100.675,110.195,-0.011,0.004,,2022/5/27,10:54:35,D:\ADVANTECH\B19AK10AI23-10AI_KYSPI\BCM-949510AI013.mdb,50,220,50,220,50,220,0.2032,0.4272,PART70,GOOD,,,
,86.865,100.396,103.827,-0.004,0.004,,2022/5/27,10:54:35,D:\ADVANTECH\B19AK10AI23-10AI_KYSPI\BCM-949510AI013.mdb,50,220,50,220,50,220,0.2032,0.4272,PART71,GOOD,,,
,108.86,124.792,104.679,0.017,-0.006,,2022/5/27,10:54:35,D:\ADVANTECH\B19AK10AI23-10AI_KYSPI\BCM-949510AI013.mdb,50,220,50,220,50,220,0.2032,0.254,PART60,GOOD,,,
,119.581,132.572,108.241,0.008,0,,2022/5/27,10:54:35,D:\ADVANTECH\B19AK10AI23-10AI_KYSPI\BCM-949510AI013.mdb,50,220,50,220,50,220,0.254,0.2032,PART60,GOOD,,,
,114.478,128.378,107.007,-0.001,-0.002,,2022/5/27,10:54:35,D:\ADVANTECH\B19AK10AI23-10AI_KYSPI\BCM-949510AI013.mdb,50,220,50,220,50,220,0.254,0.2032,PART60,GOOD,,,
,139.5,160.099,104.56,0.021,-0.003,,2022/5/27,10:54:35,D:\ADVANTECH\B19AK10AI23-10AI_KYSPI\BCM-949510AI013.mdb,50,220,50,220,50,220,0.508,0.3252,PART72,GOOD,,,
,114.731,128.542,107.107,0.02,-0.009,,2022/5/27,10:54:35,D:\ADVANTECH\B19AK10AI23-10AI_KYSPI\BCM-949510AI013.mdb,50,220,50,220,50,220,0.2032,0.254,PART60,GOOD,,,
,97.366,106.993,109.202,0.001,0.006,,2022/5/27,10:54:35,D:\ADVANTECH\B19AK10AI23-10AI_KYSPI\BCM-949510AI013.mdb,50,220,50,220,50,220,0.2032,0.3508,PART64,GOOD,,,
,91.127,102.092,107.112,-0.009,0.005,,2022/5/27,10:54:35,D:\ADVANTECH\B19AK10AI23-10AI_KYSPI\BCM-949510AI013.mdb,50,220,50,220,50,220,0.2032,0.3508,PART63,GOOD,,,
,125.329,141.646,106.176,0.023,0.003,,2022/5/27,10:54:35,D:\ADVANTECH\B19AK10AI23-10AI_KYSPI\BCM-949510AI013.mdb,50,220,50,220,50,220,0.2032,0.254,PART60,GOOD,,,
,127.786,141.05,108.716,0.03,0.004,,2022/5/27,10:54:35,D:\ADVANTECH\B19AK10AI23-10AI_KYSPI\BCM-949510AI013.mdb,50,220,50,220,50,220,0.2032,0.254,PART60,GOOD,,,
,131.652,147.954,106.778,0.021,-0.003,,2022/5/27,10:54:35,D:\ADVANTECH\B19AK10AI23-10AI_KYSPI\BCM-949510AI013.mdb,50,220,50,220,50,220,0.254,0.2032,PART60,GOOD,,,
,126.731,141.493,107.48,0.025,-0.004,,2022/5/27,10:54:35,D:\ADVANTECH\B19AK10AI23-10AI_KYSPI\BCM-949510AI013.mdb,50,220,50,220,50,220,0.254,0.2032,PART60,GOOD,,,
,137.296,157.895,104.345,0.014,0,,2022/5/27,10:54:35,D:\ADVANTECH\B19AK10AI23-10AI_KYSPI\BCM-949510AI013.mdb,50,220,50,220,50,220,0.508,0.3252,PART72,GOOD,,,
,125.098,139.605,107.53,0.027,0.001,,2022/5/27,10:54:35,D:\ADVANTECH\B19AK10AI23-10AI_KYSPI\BCM-949510AI013.mdb,50,220,50,220,50,220,0.2032,0.254,PART60,GOOD,,,
,125.46,140.243,107.351,0.03,0.001,,2022/5/27,10:54:35,D:\ADVANTECH\B19AK10AI23-10AI_KYSPI\BCM-949510AI013.mdb,50,220,50,220,50,220,0.2032,0.254,PART60,GOOD,,,
,90.499,101.997,106.473,-0.009,0.003,,2022/5/27,10:54:35,D:\ADVANTECH\B19AK10AI23-10AI_KYSPI\BCM-949510AI013.mdb,50,220,50,220,50,220,0.2032,0.3508,PART73,GOOD,,,
,94.014,101.69,110.942,0,0.004,,2022/5/27,10:54:35,D:\ADVANTECH\B19AK10AI23-10AI_KYSPI\BCM-949510AI013.mdb,50,220,50,220,50,220,0.2032,0.3508,PART65,GOOD,,,
,134.177,155.08,103.826,0.021,-0.005,,2022/5/27,10:54:35,D:\ADVANTECH\B19AK10AI23-10AI_KYSPI\BCM-949510AI013.mdb,50,220,50,220,50,220,0.508,0.3252,PART72,GOOD,,,
,130.095,146.497,106.564,0.003,0.003,,2022/5/27,10:54:35,D:\ADVANTECH\B19AK10AI23-10AI_KYSPI\BCM-949510AI013.mdb,50,220,50,220,50,220,0.3292,0.3252,PART61,GOOD,,,
,120.89,141.191,102.746,0.018,0.002,,2022/5/27,10:54:35,D:\ADVANTECH\B19AK10AI23-10AI_KYSPI\BCM-949510AI013.mdb,50,220,50,220,50,220,0.3292,0.3252,PART61,GOOD,,,
,132.512,146.309,108.684,0.013,-0.004,,2022/5/27,10:54:35,D:\ADVANTECH\B19AK10AI23-10AI_KYSPI\BCM-949510AI013.mdb,50,220,50,220,50,220,0.254,0.2032,PART60,GOOD,,,
,130.821,143.44,109.443,0.024,-0.004,,2022/5/27,10:54:35,D:\ADVANTECH\B19AK10AI23-10AI_KYSPI\BCM-949510AI013.mdb,50,220,50,220,50,220,0.254,0.2032,PART60,GOOD,,,
,111.031,126.725,105.14,0.011,-0.002,,2022/5/27,10:54:35,D:\ADVANTECH\B19AK10AI23-10AI_KYSPI\BCM-949510AI013.mdb,50,220,50,220,50,220,0.254,0.2032,PART60,GOOD,,,
,109.137,124.505,105.188,0.01,-0.002,,2022/5/27,10:54:35,D:\ADVANTECH\B19AK10AI23-10AI_KYSPI\BCM-949510AI013.mdb,50,220,50,220,50,220,0.254,0.2032,PART60,GOOD,,,
,113.331,127.266,106.861,0.009,-0.003,,2022/5/27,10:54:35,D:\ADVANTECH\B19AK10AI23-10AI_KYSPI\BCM-949510AI013.mdb,50,220,50,220,50,220,0.2032,0.254,PART60,GOOD,,,
,111.486,126.282,105.94,0.01,-0.006,,2022/5/27,10:54:35,D:\ADVANTECH\B19AK10AI23-10AI_KYSPI\BCM-949510AI013.mdb,50,220,50,220,50,220,0.2032,0.254,PART60,GOOD,,,
,110.408,124.854,106.115,0.009,-0.004,,2022/5/27,10:54:35,D:\ADVANTECH\B19AK10AI23-10AI_KYSPI\BCM-949510AI013.mdb,50,220,50,220,50,220,0.254,0.2032,PART60,GOOD,,,
,121.93,134.21,109.02,0.01,-0.005,,2022/5/27,10:54:35,D:\ADVANTECH\B19AK10AI23-10AI_KYSPI\BCM-949510AI013.mdb,50,220,50,220,50,220,0.254,0.2032,PART60,GOOD,,,
,124.929,137.627,108.928,0.026,-0.003,,2022/5/27,10:54:35,D:\ADVANTECH\B19AK10AI23-10AI_KYSPI\BCM-949510AI013.mdb,50,220,50,220,50,220,0.2032,0.254,PART60,GOOD,,,
,126.622,140.039,108.503,0.03,-0.005,,2022/5/27,10:54:35,D:\ADVANTECH\B19AK10AI23-10AI_KYSPI\BCM-949510AI013.mdb,50,220,50,220,50,220,0.2032,0.254,PART60,GOOD,,,
,121.363,138.328,105.283,0.016,0.006,,2022/5/27,10:54:35,D:\ADVANTECH\B19AK10AI23-10AI_KYSPI\BCM-949510AI013.mdb,50,220,50,220,50,220,0.254,0.2032,PART60,GOOD,,,
,121.551,135.654,107.524,0.014,0.004,,2022/5/27,10:54:35,D:\ADVANTECH\B19AK10AI23-10AI_KYSPI\BCM-949510AI013.mdb,50,220,50,220,50,220,0.254,0.2032,PART60,GOOD,,,
,113.313,129.118,105.311,0.003,0.012,,2022/5/27,10:54:35,D:\ADVANTECH\B19AK10AI23-10AI_KYSPI\BCM-949510AI013.mdb,50,220,50,220,50,220,0.254,0.2032,PART60,GOOD,,,
,106.592,123.168,103.85,-0.006,0.012,,2022/5/27,10:54:35,D:\ADVANTECH\B19AK10AI23-10AI_KYSPI\BCM-949510AI013.mdb,50,220,50,220,50,220,0.254,0.2032,PART60,GOOD,,,
,113.456,127.5,106.782,0.014,0.003,,2022/5/27,10:54:35,D:\ADVANTECH\B19AK10AI23-10AI_KYSPI\BCM-949510AI013.mdb,50,220,50,220,50,220,0.254,0.2032,PART60,GOOD,,,
,122.588,138.699,106.061,0.014,0.001,,2022/5/27,10:54:35,D:\ADVANTECH\B19AK10AI23-10AI_KYSPI\BCM-949510AI013.mdb,50,220,50,220,50,220,0.254,0.2032,PART60,GOOD,,,
,117.593,134.229,105.127,0.007,0,,2022/5/27,10:54:35,D:\ADVANTECH\B19AK10AI23-10AI_KYSPI\BCM-949510AI013.mdb,50,220,50,220,50,220,0.254,0.2032,PART60,GOOD,,,
,117.571,131.248,107.495,-0.001,0,,2022/5/27,10:54:35,D:\ADVANTECH\B19AK10AI23-10AI_KYSPI\BCM-949510AI013.mdb,50,220,50,220,50,220,0.254,0.2032,PART60,GOOD,,,
,112.939,128.927,105.119,0.004,0.004,,2022/5/27,10:54:35,D:\ADVANTECH\B19AK10AI23-10AI_KYSPI\BCM-949510AI013.mdb,50,220,50,220,50,220,0.254,0.2032,PART60,GOOD,,,
,119.139,133.299,107.252,-0.002,0.004,,2022/5/27,10:54:35,D:\ADVANTECH\B19AK10AI23-10AI_KYSPI\BCM-949510AI013.mdb,50,220,50,220,50,220,0.254,0.2032,PART60,GOOD,,,
,116.519,129.811,107.713,0.004,0.008,,2022/5/27,10:54:35,D:\ADVANTECH\B19AK10AI23-10AI_KYSPI\BCM-949510AI013.mdb,50,220,50,220,50,220,0.2032,0.254,PART60,GOOD,,,
,117.754,131.7,107.293,0.006,0.007,,2022/5/27,10:54:35,D:\ADVANTECH\B19AK10AI23-10AI_KYSPI\BCM-949510AI013.mdb,50,220,50,220,50,220,0.2032,0.254,PART60,GOOD,,,
,115.196,132.817,104.08,0.015,-0.01,,2022/5/27,10:54:35,D:\ADVANTECH\B19AK10AI23-10AI_KYSPI\BCM-949510AI013.mdb,50,220,50,220,50,220,0.254,0.2032,PART60,GOOD,,,
,111.086,129.304,103.093,0,-0.009,,2022/5/27,10:54:35,D:\ADVANTECH\B19AK10AI23-10AI_KYSPI\BCM-949510AI013.mdb,50,220,50,220,50,220,0.254,0.2032,PART60,GOOD,,,
,120.384,132.237,109.244,0.008,0.006,,2022/5/27,10:54:35,D:\ADVANTECH\B19AK10AI23-10AI_KYSPI\BCM-949510AI013.mdb,50,220,50,220,50,220,0.2032,0.254,PART60,GOOD,,,
,119.678,133.979,107.191,0.003,0.001,,2022/5/27,10:54:35,D:\ADVANTECH\B19AK10AI23-10AI_KYSPI\BCM-949510AI013.mdb,50,220,50,220,50,220,0.254,0.2032,PART60,GOOD,,,
,121.785,135.408,107.927,0.01,0,,2022/5/27,10:54:35,D:\ADVANTECH\B19AK10AI23-10AI_KYSPI\BCM-949510AI013.mdb,50,220,50,220,50,220,0.254,0.2032,PART60,GOOD,,,
,118.835,133.723,106.64,0.016,0.005,,2022/5/27,10:54:35,D:\ADVANTECH\B19AK10AI23-10AI_KYSPI\BCM-949510AI013.mdb,50,220,50,220,50,220,0.2032,0.254,PART60,GOOD,,,
,119.395,133.702,107.159,0.015,0.005,,2022/5/27,10:54:35,D:\ADVANTECH\B19AK10AI23-10AI_KYSPI\BCM-949510AI013.mdb,50,220,50,220,50,220,0.2032,0.254,PART60,GOOD,,,
,115.684,128.288,108.21,0.011,0.003,,2022/5/27,10:54:35,D:\ADVANTECH\B19AK10AI23-10AI_KYSPI\BCM-949510AI013.mdb,50,220,50,220,50,220,0.2032,0.254,PART60,GOOD,,,
,114.748,131.944,104.361,0.01,-0.002,,2022/5/27,10:54:35,D:\ADVANTECH\B19AK10AI23-10AI_KYSPI\BCM-949510AI013.mdb,50,220,50,220,50,220,0.254,0.2032,PART60,GOOD,,,
,114.46,127.145,108.027,0.002,-0.003,,2022/5/27,10:54:35,D:\ADVANTECH\B19AK10AI23-10AI_KYSPI\BCM-949510AI013.mdb,50,220,50,220,50,220,0.254,0.2032,PART60,GOOD,,,
,109.887,125.599,104.988,0.008,0.006,,2022/5/27,10:54:35,D:\ADVANTECH\B19AK10AI23-10AI_KYSPI\BCM-949510AI013.mdb,50,220,50,220,50,220,0.254,0.2032,PART60,GOOD,,,
,117.366,131.661,106.971,0.007,0.005,,2022/5/27,10:54:35,D:\ADVANTECH\B19AK10AI23-10AI_KYSPI\BCM-949510AI013.mdb,50,220,50,220,50,220,0.254,0.2032,PART60,GOOD,,,
,110.566,125.633,105.609,0.01,0,,2022/5/27,10:54:35,D:\ADVANTECH\B19AK10AI23-10AI_KYSPI\BCM-949510AI013.mdb,50,220,50,220,50,220,0.2032,0.254,PART60,GOOD,,,
,113.141,128.825,105.39,0.009,0.005,,2022/5/27,10:54:35,D:\ADVANTECH\B19AK10AI23-10AI_KYSPI\BCM-949510AI013.mdb,50,220,50,220,50,220,0.2032,0.254,PART60,GOOD,,,
,122.536,138.231,106.375,0.02,0.007,,2022/5/27,10:54:35,D:\ADVANTECH\B19AK10AI23-10AI_KYSPI\BCM-949510AI013.mdb,50,220,50,220,50,220,0.2032,0.254,PART60,GOOD,,,
,116.091,132.102,105.456,0.012,0.004,,2022/5/27,10:54:35,D:\ADVANTECH\B19AK10AI23-10AI_KYSPI\BCM-949510AI013.mdb,50,220,50,220,50,220,0.2032,0.254,PART60,GOOD,,,
,116.474,130.158,107.383,0.018,-0.001,,2022/5/27,10:54:35,D:\ADVANTECH\B19AK10AI23-10AI_KYSPI\BCM-949510AI013.mdb,50,220,50,220,50,220,0.2032,0.254,PART60,GOOD,,,
,116.499,131.09,106.644,0.019,-0.002,,2022/5/27,10:54:35,D:\ADVANTECH\B19AK10AI23-10AI_KYSPI\BCM-949510AI013.mdb,50,220,50,220,50,220,0.2032,0.254,PART60,GOOD,,,
,113.889,131.617,103.837,0.018,-0.003,,2022/5/27,10:54:35,D:\ADVANTECH\B19AK10AI23-10AI_KYSPI\BCM-949510AI013.mdb,50,220,50,220,50,220,0.2032,0.254,PART60,GOOD,,,
,119.273,132.766,107.804,0.022,-0.004,,2022/5/27,10:54:35,D:\ADVANTECH\B19AK10AI23-10AI_KYSPI\BCM-949510AI013.mdb,50,220,50,220,50,220,0.2032,0.254,PART60,GOOD,,,
,113.562,129.443,105.277,0.017,-0.005,,2022/5/27,10:54:35,D:\ADVANTECH\B19AK10AI23-10AI_KYSPI\BCM-949510AI013.mdb,50,220,50,220,50,220,0.2032,0.254,PART60,GOOD,,,
,118.098,131.494,107.775,0.022,-0.005,,2022/5/27,10:54:35,D:\ADVANTECH\B19AK10AI23-10AI_KYSPI\BCM-949510AI013.mdb,50,220,50,220,50,220,0.2032,0.254,PART60,GOOD,,,
,109.106,129.871,100.813,0.004,-0.003,,2022/5/27,10:54:35,D:\ADVANTECH\B19AK10AI23-10AI_KYSPI\BCM-949510AI013.mdb,50,220,50,220,50,220,1.0972,0.9436,PART74,GOOD,,,
,109.624,129.508,101.576,-0.006,0.004,,2022/5/27,10:54:35,D:\ADVANTECH\B19AK10AI23-10AI_KYSPI\BCM-949510AI013.mdb,50,220,50,220,50,220,0.8712,1.26,PART75,GOOD,,,
,105.053,125.272,100.632,0,0.001,,2022/5/27,10:54:35,D:\ADVANTECH\B19AK10AI23-10AI_KYSPI\BCM-949510AI013.mdb,50,220,50,220,50,220,0.8712,1.26,PART75,GOOD,,,
,120.406,138.094,104.629,0.007,-0.006,,2022/5/27,10:54:35,D:\ADVANTECH\B19AK10AI23-10AI_KYSPI\BCM-949510AI013.mdb,50,220,50,220,50,220,0.4776,0.4584,PART62,GOOD,,,
,112.07,125.75,106.945,0.002,-0.002,,2022/5/27,10:54:35,D:\ADVANTECH\B19AK10AI23-10AI_KYSPI\BCM-949510AI013.mdb,50,220,50,220,50,220,0.2032,0.254,PART60,GOOD,,,
,109.745,124.988,105.366,0.003,-0.003,,2022/5/27,10:54:35,D:\ADVANTECH\B19AK10AI23-10AI_KYSPI\BCM-949510AI013.mdb,50,220,50,220,50,220,0.2032,0.254,PART60,GOOD,,,
,116.035,130.041,107.075,0.01,-0.003,,2022/5/27,10:54:35,D:\ADVANTECH\B19AK10AI23-10AI_KYSPI\BCM-949510AI013.mdb,50,220,50,220,50,220,0.2032,0.254,PART60,GOOD,,,
,119.309,133.753,107.041,0.018,-0.004,,2022/5/27,10:54:35,D:\ADVANTECH\B19AK10AI23-10AI_KYSPI\BCM-949510AI013.mdb,50,220,50,220,50,220,0.2032,0.254,PART60,GOOD,,,
,115.529,131.884,105.119,0.008,-0.005,,2022/5/27,10:54:35,D:\ADVANTECH\B19AK10AI23-10AI_KYSPI\BCM-949510AI013.mdb,50,220,50,220,50,220,0.2032,0.254,PART60,GOOD,,,
,111.748,127.617,105.079,0.007,-0.005,,2022/5/27,10:54:35,D:\ADVANTECH\B19AK10AI23-10AI_KYSPI\BCM-949510AI013.mdb,50,220,50,220,50,220,0.2032,0.254,PART60,GOOD,,,
,116.8,133.256,105.18,0.015,-0.006,,2022/5/27,10:54:35,D:\ADVANTECH\B19AK10AI23-10AI_KYSPI\BCM-949510AI013.mdb,50,220,50,220,50,220,0.2032,0.254,PART60,GOOD,,,
,120.376,133.02,108.594,0.014,0.001,,2022/5/27,10:54:35,D:\ADVANTECH\B19AK10AI23-10AI_KYSPI\BCM-949510AI013.mdb,50,220,50,220,50,220,0.2032,0.254,PART60,GOOD,,,
,114.339,129.943,105.59,0.008,-0.005,,2022/5/27,10:54:35,D:\ADVANTECH\B19AK10AI23-10AI_KYSPI\BCM-949510AI013.mdb,50,220,50,220,50,220,0.254,0.2032,PART60,GOOD,,,
,114.174,130.624,104.888,0.018,-0.004,,2022/5/27,10:54:35,D:\ADVANTECH\B19AK10AI23-10AI_KYSPI\BCM-949510AI013.mdb,50,220,50,220,50,220,0.254,0.2032,PART60,GOOD,,,
,116.857,131.111,106.955,0.015,-0.005,,2022/5/27,10:54:35,D:\ADVANTECH\B19AK10AI23-10AI_KYSPI\BCM-949510AI013.mdb,50,220,50,220,50,220,0.254,0.2032,PART60,GOOD,,,
,115.858,134.087,103.686,0.005,-0.006,,2022/5/27,10:54:35,D:\ADVANTECH\B19AK10AI23-10AI_KYSPI\BCM-949510AI013.mdb,50,220,50,220,50,220,0.254,0.2032,PART60,GOOD,,,
,122.947,142.055,103.859,0.015,-0.007,,2022/5/27,10:54:35,D:\ADVANTECH\B19AK10AI23-10AI_KYSPI\BCM-949510AI013.mdb,50,220,50,220,50,220,0.4776,0.4584,PART62,GOOD,,,
,119.465,136.807,104.788,0.017,-0.003,,2022/5/27,10:54:35,D:\ADVANTECH\B19AK10AI23-10AI_KYSPI\BCM-949510AI013.mdb,50,220,50,220,50,220,0.2032,0.254,PART60,GOOD,,,
,109.631,129.458,101.622,-0.004,0.006,,2022/5/27,10:54:35,D:\ADVANTECH\B19AK10AI23-10AI_KYSPI\BCM-949510AI013.mdb,50,220,50,220,50,220,0.8712,1.26,PART75,GOOD,,,
,107.364,127.486,101.06,0.001,0.003,,2022/5/27,10:54:35,D:\ADVANTECH\B19AK10AI23-10AI_KYSPI\BCM-949510AI013.mdb,50,220,50,220,50,220,0.8712,1.26,PART75,GOOD,,,
,121.092,137.712,105.517,0,0.006,,2022/5/27,10:54:35,D:\ADVANTECH\B19AK10AI23-10AI_KYSPI\BCM-949510AI013.mdb,50,220,50,220,50,220,0.4048,0.3248,PART76,GOOD,,,
,112.795,134.258,100.817,0.005,0.006,,2022/5/27,10:54:35,D:\ADVANTECH\B19AK10AI23-10AI_KYSPI\BCM-949510AI013.mdb,50,220,50,220,50,220,0.4048,0.3248,PART76,GOOD,,,
,113.323,133.973,101.504,0.007,-0.003,,2022/5/27,10:54:35,D:\ADVANTECH\B19AK10AI23-10AI_KYSPI\BCM-949510AI013.mdb,50,220,50,220,50,220,1.0972,0.9436,PART74,GOOD,,,
,119.069,134.075,106.569,0.018,-0.005,,2022/5/27,10:54:35,D:\ADVANTECH\B19AK10AI23-10AI_KYSPI\BCM-949510AI013.mdb,50,220,50,220,50,220,0.2032,0.254,PART60,GOOD,,,
,114.637,133.44,103.091,0.007,-0.002,,2022/5/27,10:54:35,D:\ADVANTECH\B19AK10AI23-10AI_KYSPI\BCM-949510AI013.mdb,50,220,50,220,50,220,0.9144,0.4756,PART77,GOOD,,,
,117.766,132.118,106.964,0.015,-0.001,,2022/5/27,10:54:35,D:\ADVANTECH\B19AK10AI23-10AI_KYSPI\BCM-949510AI013.mdb,50,220,50,220,50,220,0.2032,0.254,PART60,GOOD,,,
,119.935,136.487,105.447,0.018,0.002,,2022/5/27,10:54:35,D:\ADVANTECH\B19AK10AI23-10AI_KYSPI\BCM-949510AI013.mdb,50,220,50,220,50,220,0.254,0.2032,PART60,GOOD,,,
,117.685,135.744,104.036,0.017,0.001,,2022/5/27,10:54:35,D:\ADVANTECH\B19AK10AI23-10AI_KYSPI\BCM-949510AI013.mdb,50,220,50,220,50,220,0.254,0.2032,PART60,GOOD,,,
,123.6,138.991,106.712,0.017,-0.004,,2022/5/27,10:54:35,D:\ADVANTECH\B19AK10AI23-10AI_KYSPI\BCM-949510AI013.mdb,50,220,50,220,50,220,0.2032,0.254,PART60,GOOD,,,
,110.334,126.844,104.381,-0.001,0.001,,2022/5/27,10:54:35,D:\ADVANTECH\B19AK10AI23-10AI_KYSPI\BCM-949510AI013.mdb,50,220,50,220,50,220,0.3252,0.3544,PART67,GOOD,,,
,110.457,127.61,103.87,0.008,0.001,,2022/5/27,10:54:35,D:\ADVANTECH\B19AK10AI23-10AI_KYSPI\BCM-949510AI013.mdb,50,220,50,220,50,220,0.3252,0.3544,PART67,GOOD,,,
,112.855,132.507,102.203,0.002,0.001,,2022/5/27,10:54:35,D:\ADVANTECH\B19AK10AI23-10AI_KYSPI\BCM-949510AI013.mdb,50,220,50,220,50,220,0.508,0.4188,PART78,GOOD,,,
,111.563,129.834,103.113,0.008,0.006,,2022/5/27,10:54:35,D:\ADVANTECH\B19AK10AI23-10AI_KYSPI\BCM-949510AI013.mdb,50,220,50,220,50,220,0.9144,0.382,PART79,GOOD,,,
,121.067,136.131,106.721,0.023,-0.008,,2022/5/27,10:54:35,D:\ADVANTECH\B19AK10AI23-10AI_KYSPI\BCM-949510AI013.mdb,50,220,50,220,50,220,0.2032,0.254,PART60,GOOD,,,
,117.321,131.762,106.849,0.009,-0.001,,2022/5/27,10:54:35,D:\ADVANTECH\B19AK10AI23-10AI_KYSPI\BCM-949510AI013.mdb,50,220,50,220,50,220,0.3252,0.3544,PART67,GOOD,,,
,119.39,135.589,105.663,0.004,-0.002,,2022/5/27,10:54:35,D:\ADVANTECH\B19AK10AI23-10AI_KYSPI\BCM-949510AI013.mdb,50,220,50,220,50,220,0.3252,0.3544,PART67,GOOD,,,
,107.44,125.894,102.41,0.001,0.003,,2022/5/27,10:54:35,D:\ADVANTECH\B19AK10AI23-10AI_KYSPI\BCM-949510AI013.mdb,50,220,50,220,50,220,0.508,0.4188,PART78,GOOD,,,
,112.465,132.021,102.225,0.003,0.002,,2022/5/27,10:54:35,D:\ADVANTECH\B19AK10AI23-10AI_KYSPI\BCM-949510AI013.mdb,50,220,50,220,50,220,0.508,0.4188,PART78,GOOD,,,
,120.016,136.908,105.194,0.019,-0.003,,2022/5/27,10:54:35,D:\ADVANTECH\B19AK10AI23-10AI_KYSPI\BCM-949510AI013.mdb,50,220,50,220,50,220,0.2032,0.254,PART60,GOOD,,,
,120.09,137.258,104.99,0.005,-0.006,,2022/5/27,10:54:35,D:\ADVANTECH\B19AK10AI23-10AI_KYSPI\BCM-949510AI013.mdb,50,220,50,220,50,220,0.508,0.4188,PART78,GOOD,,,
,113.179,131.701,103.123,0.005,-0.006,,2022/5/27,10:54:35,D:\ADVANTECH\B19AK10AI23-10AI_KYSPI\BCM-949510AI013.mdb,50,220,50,220,50,220,0.508,0.4188,PART78,GOOD,,,
,116.273,135.039,103.324,0.003,-0.005,,2022/5/27,10:54:35,D:\ADVANTECH\B19AK10AI23-10AI_KYSPI\BCM-949510AI013.mdb,50,220,50,220,50,220,0.508,0.4188,PART78,GOOD,,,
U6,108.261,127.14,102.181,0.004,-0.003,,2022/5/27,10:54:35,D:\ADVANTECH\B19AK10AI23-10AI_KYSPI\BCM-949510AI013.mdb,50,220,50,220,50,220,0.254,0.7112,Y5S10AG031,GOOD,,1,
U6,106.565,124.23,102.936,0.007,-0.003,,2022/5/27,10:54:35,D:\ADVANTECH\B19AK10AI23-10AI_KYSPI\BCM-949510AI013.mdb,50,220,50,220,50,220,0.254,0.7112,Y5S10AG031,GOOD,,2,
U6,107.027,126.077,101.868,0.001,-0.002,,2022/5/27,10:54:35,D:\ADVANTECH\B19AK10AI23-10AI_KYSPI\BCM-949510AI013.mdb,50,220,50,220,50,220,0.254,0.7112,Y5S10AG031,GOOD,,3,
U6,106.668,124.484,102.826,0.004,-0.002,,2022/5/27,10:54:35,D:\ADVANTECH\B19AK10AI23-10AI_KYSPI\BCM-949510AI013.mdb,50,220,50,220,50,220,0.254,0.7112,Y5S10AG031,GOOD,,4,
U6,113.094,130.884,103.69,0.006,-0.002,,2022/5/27,10:54:35,D:\ADVANTECH\B19AK10AI23-10AI_KYSPI\BCM-949510AI013.mdb,50,220,50,220,50,220,0.254,0.7112,Y5S10AG031,GOOD,,5,
U6,105.868,124.955,101.67,0.004,-0.002,,2022/5/27,10:54:35,D:\ADVANTECH\B19AK10AI23-10AI_KYSPI\BCM-949510AI013.mdb,50,220,50,220,50,220,0.254,0.7112,Y5S10AG031,GOOD,,6,
U6,106.72,124.97,102.475,0.005,-0.003,,2022/5/27,10:54:35,D:\ADVANTECH\B19AK10AI23-10AI_KYSPI\BCM-949510AI013.mdb,50,220,50,220,50,220,0.254,0.7112,Y5S10AG031,GOOD,,7,
U6,106.763,124.98,102.509,0.003,-0.003,,2022/5/27,10:54:35,D:\ADVANTECH\B19AK10AI23-10AI_KYSPI\BCM-949510AI013.mdb,50,220,50,220,50,220,0.254,0.7112,Y5S10AG031,GOOD,,8,
U13,122.693,133.802,110.038,0.017,0.005,,2022/5/27,10:54:35,D:\ADVANTECH\B19AK10AI23-10AI_KYSPI\BCM-949510AI013.mdb,50,220,50,220,50,220,0.4672,0.14,Y5S10A5120,GOOD,,1,
U13,127.518,136.929,111.753,0.025,-0.006,,2022/5/27,10:54:35,D:\ADVANTECH\B19AK10AI23-10AI_KYSPI\BCM-949510AI013.mdb,50,220,50,220,50,220,0.4672,0.14,Y5S10A5120,GOOD,,2,
U13,122.17,135.046,108.558,0.025,-0.003,,2022/5/27,10:54:35,D:\ADVANTECH\B19AK10AI23-10AI_KYSPI\BCM-949510AI013.mdb,50,220,50,220,50,220,0.4672,0.14,Y5S10A5120,GOOD,,3,
U13,129.543,138.928,111.894,0.018,-0.002,,2022/5/27,10:54:35,D:\ADVANTECH\B19AK10AI23-10AI_KYSPI\BCM-949510AI013.mdb,50,220,50,220,50,220,0.4672,0.14,Y5S10A5120,GOOD,,4,
U13,122.773,134.308,109.694,0.007,0.006,,2022/5/27,10:54:35,D:\ADVANTECH\B19AK10AI23-10AI_KYSPI\BCM-949510AI013.mdb,50,220,50,220,50,220,0.4672,0.14,Y5S10A5120,GOOD,,5,
U39,129.231,147.347,105.247,0.008,-0.006,,2022/5/27,10:54:35,D:\ADVANTECH\B19AK10AI23-10AI_KYSPI\BCM-949510AI013.mdb,50,220,50,220,50,220,0.4572,0.22,Y5S10AG040,GOOD,,1,
U39,127.246,144.616,105.587,0.01,-0.008,,2022/5/27,10:54:35,D:\ADVANTECH\B19AK10AI23-10AI_KYSPI\BCM-949510AI013.mdb,50,220,50,220,50,220,0.4572,0.22,Y5S10AG040,GOOD,,2,
U39,125.363,143.75,104.651,0.01,-0.003,,2022/5/27,10:54:35,D:\ADVANTECH\B19AK10AI23-10AI_KYSPI\BCM-949510AI013.mdb,50,220,50,220,50,220,0.4572,0.22,Y5S10AG040,GOOD,,3,
U39,130.814,147.457,106.456,0.012,-0.002,,2022/5/27,10:54:35,D:\ADVANTECH\B19AK10AI23-10AI_KYSPI\BCM-949510AI013.mdb,50,220,50,220,50,220,0.4572,0.22,Y5S10AG040,GOOD,,4,
U39,130.909,146.096,107.526,0.009,-0.007,,2022/5/27,10:54:35,D:\ADVANTECH\B19AK10AI23-10AI_KYSPI\BCM-949510AI013.mdb,50,220,50,220,50,220,0.4572,0.22,Y5S10AG040,GOOD,,5,
U39,135.211,148.132,109.534,0.009,-0.005,,2022/5/27,10:54:35,D:\ADVANTECH\B19AK10AI23-10AI_KYSPI\BCM-949510AI013.mdb,50,220,50,220,50,220,0.4572,0.22,Y5S10AG040,GOOD,,6,
